statefip,year,state,year_enacted,has_state_eitc,cohort,time_since_treat,rate_2024,refundable
1,1990,Alabama,NA,0,Inf,NA,0,NA
1,1991,Alabama,NA,0,Inf,NA,0,NA
1,1992,Alabama,NA,0,Inf,NA,0,NA
1,1993,Alabama,NA,0,Inf,NA,0,NA
1,1994,Alabama,NA,0,Inf,NA,0,NA
1,1995,Alabama,NA,0,Inf,NA,0,NA
1,1996,Alabama,NA,0,Inf,NA,0,NA
1,1997,Alabama,NA,0,Inf,NA,0,NA
1,1998,Alabama,NA,0,Inf,NA,0,NA
1,1999,Alabama,NA,0,Inf,NA,0,NA
1,2000,Alabama,NA,0,Inf,NA,0,NA
1,2001,Alabama,NA,0,Inf,NA,0,NA
1,2002,Alabama,NA,0,Inf,NA,0,NA
1,2003,Alabama,NA,0,Inf,NA,0,NA
1,2004,Alabama,NA,0,Inf,NA,0,NA
1,2005,Alabama,NA,0,Inf,NA,0,NA
1,2006,Alabama,NA,0,Inf,NA,0,NA
1,2007,Alabama,NA,0,Inf,NA,0,NA
1,2008,Alabama,NA,0,Inf,NA,0,NA
1,2009,Alabama,NA,0,Inf,NA,0,NA
1,2010,Alabama,NA,0,Inf,NA,0,NA
1,2011,Alabama,NA,0,Inf,NA,0,NA
1,2012,Alabama,NA,0,Inf,NA,0,NA
1,2013,Alabama,NA,0,Inf,NA,0,NA
1,2014,Alabama,NA,0,Inf,NA,0,NA
1,2015,Alabama,NA,0,Inf,NA,0,NA
1,2016,Alabama,NA,0,Inf,NA,0,NA
1,2017,Alabama,NA,0,Inf,NA,0,NA
1,2018,Alabama,NA,0,Inf,NA,0,NA
1,2019,Alabama,NA,0,Inf,NA,0,NA
1,2020,Alabama,NA,0,Inf,NA,0,NA
1,2021,Alabama,NA,0,Inf,NA,0,NA
1,2022,Alabama,NA,0,Inf,NA,0,NA
1,2023,Alabama,NA,0,Inf,NA,0,NA
2,1990,Alaska,NA,0,Inf,NA,0,NA
2,1991,Alaska,NA,0,Inf,NA,0,NA
2,1992,Alaska,NA,0,Inf,NA,0,NA
2,1993,Alaska,NA,0,Inf,NA,0,NA
2,1994,Alaska,NA,0,Inf,NA,0,NA
2,1995,Alaska,NA,0,Inf,NA,0,NA
2,1996,Alaska,NA,0,Inf,NA,0,NA
2,1997,Alaska,NA,0,Inf,NA,0,NA
2,1998,Alaska,NA,0,Inf,NA,0,NA
2,1999,Alaska,NA,0,Inf,NA,0,NA
2,2000,Alaska,NA,0,Inf,NA,0,NA
2,2001,Alaska,NA,0,Inf,NA,0,NA
2,2002,Alaska,NA,0,Inf,NA,0,NA
2,2003,Alaska,NA,0,Inf,NA,0,NA
2,2004,Alaska,NA,0,Inf,NA,0,NA
2,2005,Alaska,NA,0,Inf,NA,0,NA
2,2006,Alaska,NA,0,Inf,NA,0,NA
2,2007,Alaska,NA,0,Inf,NA,0,NA
2,2008,Alaska,NA,0,Inf,NA,0,NA
2,2009,Alaska,NA,0,Inf,NA,0,NA
2,2010,Alaska,NA,0,Inf,NA,0,NA
2,2011,Alaska,NA,0,Inf,NA,0,NA
2,2012,Alaska,NA,0,Inf,NA,0,NA
2,2013,Alaska,NA,0,Inf,NA,0,NA
2,2014,Alaska,NA,0,Inf,NA,0,NA
2,2015,Alaska,NA,0,Inf,NA,0,NA
2,2016,Alaska,NA,0,Inf,NA,0,NA
2,2017,Alaska,NA,0,Inf,NA,0,NA
2,2018,Alaska,NA,0,Inf,NA,0,NA
2,2019,Alaska,NA,0,Inf,NA,0,NA
2,2020,Alaska,NA,0,Inf,NA,0,NA
2,2021,Alaska,NA,0,Inf,NA,0,NA
2,2022,Alaska,NA,0,Inf,NA,0,NA
2,2023,Alaska,NA,0,Inf,NA,0,NA
4,1990,Arizona,NA,0,Inf,NA,0,NA
4,1991,Arizona,NA,0,Inf,NA,0,NA
4,1992,Arizona,NA,0,Inf,NA,0,NA
4,1993,Arizona,NA,0,Inf,NA,0,NA
4,1994,Arizona,NA,0,Inf,NA,0,NA
4,1995,Arizona,NA,0,Inf,NA,0,NA
4,1996,Arizona,NA,0,Inf,NA,0,NA
4,1997,Arizona,NA,0,Inf,NA,0,NA
4,1998,Arizona,NA,0,Inf,NA,0,NA
4,1999,Arizona,NA,0,Inf,NA,0,NA
4,2000,Arizona,NA,0,Inf,NA,0,NA
4,2001,Arizona,NA,0,Inf,NA,0,NA
4,2002,Arizona,NA,0,Inf,NA,0,NA
4,2003,Arizona,NA,0,Inf,NA,0,NA
4,2004,Arizona,NA,0,Inf,NA,0,NA
4,2005,Arizona,NA,0,Inf,NA,0,NA
4,2006,Arizona,NA,0,Inf,NA,0,NA
4,2007,Arizona,NA,0,Inf,NA,0,NA
4,2008,Arizona,NA,0,Inf,NA,0,NA
4,2009,Arizona,NA,0,Inf,NA,0,NA
4,2010,Arizona,NA,0,Inf,NA,0,NA
4,2011,Arizona,NA,0,Inf,NA,0,NA
4,2012,Arizona,NA,0,Inf,NA,0,NA
4,2013,Arizona,NA,0,Inf,NA,0,NA
4,2014,Arizona,NA,0,Inf,NA,0,NA
4,2015,Arizona,NA,0,Inf,NA,0,NA
4,2016,Arizona,NA,0,Inf,NA,0,NA
4,2017,Arizona,NA,0,Inf,NA,0,NA
4,2018,Arizona,NA,0,Inf,NA,0,NA
4,2019,Arizona,NA,0,Inf,NA,0,NA
4,2020,Arizona,NA,0,Inf,NA,0,NA
4,2021,Arizona,NA,0,Inf,NA,0,NA
4,2022,Arizona,NA,0,Inf,NA,0,NA
4,2023,Arizona,NA,0,Inf,NA,0,NA
5,1990,Arkansas,NA,0,Inf,NA,0,NA
5,1991,Arkansas,NA,0,Inf,NA,0,NA
5,1992,Arkansas,NA,0,Inf,NA,0,NA
5,1993,Arkansas,NA,0,Inf,NA,0,NA
5,1994,Arkansas,NA,0,Inf,NA,0,NA
5,1995,Arkansas,NA,0,Inf,NA,0,NA
5,1996,Arkansas,NA,0,Inf,NA,0,NA
5,1997,Arkansas,NA,0,Inf,NA,0,NA
5,1998,Arkansas,NA,0,Inf,NA,0,NA
5,1999,Arkansas,NA,0,Inf,NA,0,NA
5,2000,Arkansas,NA,0,Inf,NA,0,NA
5,2001,Arkansas,NA,0,Inf,NA,0,NA
5,2002,Arkansas,NA,0,Inf,NA,0,NA
5,2003,Arkansas,NA,0,Inf,NA,0,NA
5,2004,Arkansas,NA,0,Inf,NA,0,NA
5,2005,Arkansas,NA,0,Inf,NA,0,NA
5,2006,Arkansas,NA,0,Inf,NA,0,NA
5,2007,Arkansas,NA,0,Inf,NA,0,NA
5,2008,Arkansas,NA,0,Inf,NA,0,NA
5,2009,Arkansas,NA,0,Inf,NA,0,NA
5,2010,Arkansas,NA,0,Inf,NA,0,NA
5,2011,Arkansas,NA,0,Inf,NA,0,NA
5,2012,Arkansas,NA,0,Inf,NA,0,NA
5,2013,Arkansas,NA,0,Inf,NA,0,NA
5,2014,Arkansas,NA,0,Inf,NA,0,NA
5,2015,Arkansas,NA,0,Inf,NA,0,NA
5,2016,Arkansas,NA,0,Inf,NA,0,NA
5,2017,Arkansas,NA,0,Inf,NA,0,NA
5,2018,Arkansas,NA,0,Inf,NA,0,NA
5,2019,Arkansas,NA,0,Inf,NA,0,NA
5,2020,Arkansas,NA,0,Inf,NA,0,NA
5,2021,Arkansas,NA,0,Inf,NA,0,NA
5,2022,Arkansas,NA,0,Inf,NA,0,NA
5,2023,Arkansas,NA,0,Inf,NA,0,NA
6,1990,California,2015,0,2015,-25,47,1
6,1991,California,2015,0,2015,-24,47,1
6,1992,California,2015,0,2015,-23,47,1
6,1993,California,2015,0,2015,-22,47,1
6,1994,California,2015,0,2015,-21,47,1
6,1995,California,2015,0,2015,-20,47,1
6,1996,California,2015,0,2015,-19,47,1
6,1997,California,2015,0,2015,-18,47,1
6,1998,California,2015,0,2015,-17,47,1
6,1999,California,2015,0,2015,-16,47,1
6,2000,California,2015,0,2015,-15,47,1
6,2001,California,2015,0,2015,-14,47,1
6,2002,California,2015,0,2015,-13,47,1
6,2003,California,2015,0,2015,-12,47,1
6,2004,California,2015,0,2015,-11,47,1
6,2005,California,2015,0,2015,-10,47,1
6,2006,California,2015,0,2015,-9,47,1
6,2007,California,2015,0,2015,-8,47,1
6,2008,California,2015,0,2015,-7,47,1
6,2009,California,2015,0,2015,-6,47,1
6,2010,California,2015,0,2015,-5,47,1
6,2011,California,2015,0,2015,-4,47,1
6,2012,California,2015,0,2015,-3,47,1
6,2013,California,2015,0,2015,-2,47,1
6,2014,California,2015,0,2015,-1,47,1
6,2015,California,2015,1,2015,0,47,1
6,2016,California,2015,1,2015,1,47,1
6,2017,California,2015,1,2015,2,47,1
6,2018,California,2015,1,2015,3,47,1
6,2019,California,2015,1,2015,4,47,1
6,2020,California,2015,1,2015,5,47,1
6,2021,California,2015,1,2015,6,47,1
6,2022,California,2015,1,2015,7,47,1
6,2023,California,2015,1,2015,8,47,1
8,1990,Colorado,1999,0,1999,-9,50,1
8,1991,Colorado,1999,0,1999,-8,50,1
8,1992,Colorado,1999,0,1999,-7,50,1
8,1993,Colorado,1999,0,1999,-6,50,1
8,1994,Colorado,1999,0,1999,-5,50,1
8,1995,Colorado,1999,0,1999,-4,50,1
8,1996,Colorado,1999,0,1999,-3,50,1
8,1997,Colorado,1999,0,1999,-2,50,1
8,1998,Colorado,1999,0,1999,-1,50,1
8,1999,Colorado,1999,1,1999,0,50,1
8,2000,Colorado,1999,1,1999,1,50,1
8,2001,Colorado,1999,1,1999,2,50,1
8,2002,Colorado,1999,1,1999,3,50,1
8,2003,Colorado,1999,1,1999,4,50,1
8,2004,Colorado,1999,1,1999,5,50,1
8,2005,Colorado,1999,1,1999,6,50,1
8,2006,Colorado,1999,1,1999,7,50,1
8,2007,Colorado,1999,1,1999,8,50,1
8,2008,Colorado,1999,1,1999,9,50,1
8,2009,Colorado,1999,1,1999,10,50,1
8,2010,Colorado,1999,1,1999,11,50,1
8,2011,Colorado,1999,1,1999,12,50,1
8,2012,Colorado,1999,1,1999,13,50,1
8,2013,Colorado,1999,1,1999,14,50,1
8,2014,Colorado,1999,1,1999,15,50,1
8,2015,Colorado,1999,1,1999,16,50,1
8,2016,Colorado,1999,1,1999,17,50,1
8,2017,Colorado,1999,1,1999,18,50,1
8,2018,Colorado,1999,1,1999,19,50,1
8,2019,Colorado,1999,1,1999,20,50,1
8,2020,Colorado,1999,1,1999,21,50,1
8,2021,Colorado,1999,1,1999,22,50,1
8,2022,Colorado,1999,1,1999,23,50,1
8,2023,Colorado,1999,1,1999,24,50,1
9,1990,Connecticut,2011,0,2011,-21,30.5,1
9,1991,Connecticut,2011,0,2011,-20,30.5,1
9,1992,Connecticut,2011,0,2011,-19,30.5,1
9,1993,Connecticut,2011,0,2011,-18,30.5,1
9,1994,Connecticut,2011,0,2011,-17,30.5,1
9,1995,Connecticut,2011,0,2011,-16,30.5,1
9,1996,Connecticut,2011,0,2011,-15,30.5,1
9,1997,Connecticut,2011,0,2011,-14,30.5,1
9,1998,Connecticut,2011,0,2011,-13,30.5,1
9,1999,Connecticut,2011,0,2011,-12,30.5,1
9,2000,Connecticut,2011,0,2011,-11,30.5,1
9,2001,Connecticut,2011,0,2011,-10,30.5,1
9,2002,Connecticut,2011,0,2011,-9,30.5,1
9,2003,Connecticut,2011,0,2011,-8,30.5,1
9,2004,Connecticut,2011,0,2011,-7,30.5,1
9,2005,Connecticut,2011,0,2011,-6,30.5,1
9,2006,Connecticut,2011,0,2011,-5,30.5,1
9,2007,Connecticut,2011,0,2011,-4,30.5,1
9,2008,Connecticut,2011,0,2011,-3,30.5,1
9,2009,Connecticut,2011,0,2011,-2,30.5,1
9,2010,Connecticut,2011,0,2011,-1,30.5,1
9,2011,Connecticut,2011,1,2011,0,30.5,1
9,2012,Connecticut,2011,1,2011,1,30.5,1
9,2013,Connecticut,2011,1,2011,2,30.5,1
9,2014,Connecticut,2011,1,2011,3,30.5,1
9,2015,Connecticut,2011,1,2011,4,30.5,1
9,2016,Connecticut,2011,1,2011,5,30.5,1
9,2017,Connecticut,2011,1,2011,6,30.5,1
9,2018,Connecticut,2011,1,2011,7,30.5,1
9,2019,Connecticut,2011,1,2011,8,30.5,1
9,2020,Connecticut,2011,1,2011,9,30.5,1
9,2021,Connecticut,2011,1,2011,10,30.5,1
9,2022,Connecticut,2011,1,2011,11,30.5,1
9,2023,Connecticut,2011,1,2011,12,30.5,1
10,1990,Delaware,2005,0,2005,-15,20,1
10,1991,Delaware,2005,0,2005,-14,20,1
10,1992,Delaware,2005,0,2005,-13,20,1
10,1993,Delaware,2005,0,2005,-12,20,1
10,1994,Delaware,2005,0,2005,-11,20,1
10,1995,Delaware,2005,0,2005,-10,20,1
10,1996,Delaware,2005,0,2005,-9,20,1
10,1997,Delaware,2005,0,2005,-8,20,1
10,1998,Delaware,2005,0,2005,-7,20,1
10,1999,Delaware,2005,0,2005,-6,20,1
10,2000,Delaware,2005,0,2005,-5,20,1
10,2001,Delaware,2005,0,2005,-4,20,1
10,2002,Delaware,2005,0,2005,-3,20,1
10,2003,Delaware,2005,0,2005,-2,20,1
10,2004,Delaware,2005,0,2005,-1,20,1
10,2005,Delaware,2005,1,2005,0,20,1
10,2006,Delaware,2005,1,2005,1,20,1
10,2007,Delaware,2005,1,2005,2,20,1
10,2008,Delaware,2005,1,2005,3,20,1
10,2009,Delaware,2005,1,2005,4,20,1
10,2010,Delaware,2005,1,2005,5,20,1
10,2011,Delaware,2005,1,2005,6,20,1
10,2012,Delaware,2005,1,2005,7,20,1
10,2013,Delaware,2005,1,2005,8,20,1
10,2014,Delaware,2005,1,2005,9,20,1
10,2015,Delaware,2005,1,2005,10,20,1
10,2016,Delaware,2005,1,2005,11,20,1
10,2017,Delaware,2005,1,2005,12,20,1
10,2018,Delaware,2005,1,2005,13,20,1
10,2019,Delaware,2005,1,2005,14,20,1
10,2020,Delaware,2005,1,2005,15,20,1
10,2021,Delaware,2005,1,2005,16,20,1
10,2022,Delaware,2005,1,2005,17,20,1
10,2023,Delaware,2005,1,2005,18,20,1
11,1990,District of Columbia,2000,0,2000,-10,70,1
11,1991,District of Columbia,2000,0,2000,-9,70,1
11,1992,District of Columbia,2000,0,2000,-8,70,1
11,1993,District of Columbia,2000,0,2000,-7,70,1
11,1994,District of Columbia,2000,0,2000,-6,70,1
11,1995,District of Columbia,2000,0,2000,-5,70,1
11,1996,District of Columbia,2000,0,2000,-4,70,1
11,1997,District of Columbia,2000,0,2000,-3,70,1
11,1998,District of Columbia,2000,0,2000,-2,70,1
11,1999,District of Columbia,2000,0,2000,-1,70,1
11,2000,District of Columbia,2000,1,2000,0,70,1
11,2001,District of Columbia,2000,1,2000,1,70,1
11,2002,District of Columbia,2000,1,2000,2,70,1
11,2003,District of Columbia,2000,1,2000,3,70,1
11,2004,District of Columbia,2000,1,2000,4,70,1
11,2005,District of Columbia,2000,1,2000,5,70,1
11,2006,District of Columbia,2000,1,2000,6,70,1
11,2007,District of Columbia,2000,1,2000,7,70,1
11,2008,District of Columbia,2000,1,2000,8,70,1
11,2009,District of Columbia,2000,1,2000,9,70,1
11,2010,District of Columbia,2000,1,2000,10,70,1
11,2011,District of Columbia,2000,1,2000,11,70,1
11,2012,District of Columbia,2000,1,2000,12,70,1
11,2013,District of Columbia,2000,1,2000,13,70,1
11,2014,District of Columbia,2000,1,2000,14,70,1
11,2015,District of Columbia,2000,1,2000,15,70,1
11,2016,District of Columbia,2000,1,2000,16,70,1
11,2017,District of Columbia,2000,1,2000,17,70,1
11,2018,District of Columbia,2000,1,2000,18,70,1
11,2019,District of Columbia,2000,1,2000,19,70,1
11,2020,District of Columbia,2000,1,2000,20,70,1
11,2021,District of Columbia,2000,1,2000,21,70,1
11,2022,District of Columbia,2000,1,2000,22,70,1
11,2023,District of Columbia,2000,1,2000,23,70,1
12,1990,Florida,NA,0,Inf,NA,0,NA
12,1991,Florida,NA,0,Inf,NA,0,NA
12,1992,Florida,NA,0,Inf,NA,0,NA
12,1993,Florida,NA,0,Inf,NA,0,NA
12,1994,Florida,NA,0,Inf,NA,0,NA
12,1995,Florida,NA,0,Inf,NA,0,NA
12,1996,Florida,NA,0,Inf,NA,0,NA
12,1997,Florida,NA,0,Inf,NA,0,NA
12,1998,Florida,NA,0,Inf,NA,0,NA
12,1999,Florida,NA,0,Inf,NA,0,NA
12,2000,Florida,NA,0,Inf,NA,0,NA
12,2001,Florida,NA,0,Inf,NA,0,NA
12,2002,Florida,NA,0,Inf,NA,0,NA
12,2003,Florida,NA,0,Inf,NA,0,NA
12,2004,Florida,NA,0,Inf,NA,0,NA
12,2005,Florida,NA,0,Inf,NA,0,NA
12,2006,Florida,NA,0,Inf,NA,0,NA
12,2007,Florida,NA,0,Inf,NA,0,NA
12,2008,Florida,NA,0,Inf,NA,0,NA
12,2009,Florida,NA,0,Inf,NA,0,NA
12,2010,Florida,NA,0,Inf,NA,0,NA
12,2011,Florida,NA,0,Inf,NA,0,NA
12,2012,Florida,NA,0,Inf,NA,0,NA
12,2013,Florida,NA,0,Inf,NA,0,NA
12,2014,Florida,NA,0,Inf,NA,0,NA
12,2015,Florida,NA,0,Inf,NA,0,NA
12,2016,Florida,NA,0,Inf,NA,0,NA
12,2017,Florida,NA,0,Inf,NA,0,NA
12,2018,Florida,NA,0,Inf,NA,0,NA
12,2019,Florida,NA,0,Inf,NA,0,NA
12,2020,Florida,NA,0,Inf,NA,0,NA
12,2021,Florida,NA,0,Inf,NA,0,NA
12,2022,Florida,NA,0,Inf,NA,0,NA
12,2023,Florida,NA,0,Inf,NA,0,NA
13,1990,Georgia,NA,0,Inf,NA,0,NA
13,1991,Georgia,NA,0,Inf,NA,0,NA
13,1992,Georgia,NA,0,Inf,NA,0,NA
13,1993,Georgia,NA,0,Inf,NA,0,NA
13,1994,Georgia,NA,0,Inf,NA,0,NA
13,1995,Georgia,NA,0,Inf,NA,0,NA
13,1996,Georgia,NA,0,Inf,NA,0,NA
13,1997,Georgia,NA,0,Inf,NA,0,NA
13,1998,Georgia,NA,0,Inf,NA,0,NA
13,1999,Georgia,NA,0,Inf,NA,0,NA
13,2000,Georgia,NA,0,Inf,NA,0,NA
13,2001,Georgia,NA,0,Inf,NA,0,NA
13,2002,Georgia,NA,0,Inf,NA,0,NA
13,2003,Georgia,NA,0,Inf,NA,0,NA
13,2004,Georgia,NA,0,Inf,NA,0,NA
13,2005,Georgia,NA,0,Inf,NA,0,NA
13,2006,Georgia,NA,0,Inf,NA,0,NA
13,2007,Georgia,NA,0,Inf,NA,0,NA
13,2008,Georgia,NA,0,Inf,NA,0,NA
13,2009,Georgia,NA,0,Inf,NA,0,NA
13,2010,Georgia,NA,0,Inf,NA,0,NA
13,2011,Georgia,NA,0,Inf,NA,0,NA
13,2012,Georgia,NA,0,Inf,NA,0,NA
13,2013,Georgia,NA,0,Inf,NA,0,NA
13,2014,Georgia,NA,0,Inf,NA,0,NA
13,2015,Georgia,NA,0,Inf,NA,0,NA
13,2016,Georgia,NA,0,Inf,NA,0,NA
13,2017,Georgia,NA,0,Inf,NA,0,NA
13,2018,Georgia,NA,0,Inf,NA,0,NA
13,2019,Georgia,NA,0,Inf,NA,0,NA
13,2020,Georgia,NA,0,Inf,NA,0,NA
13,2021,Georgia,NA,0,Inf,NA,0,NA
13,2022,Georgia,NA,0,Inf,NA,0,NA
13,2023,Georgia,NA,0,Inf,NA,0,NA
15,1990,Hawaii,2017,0,2017,-27,40,1
15,1991,Hawaii,2017,0,2017,-26,40,1
15,1992,Hawaii,2017,0,2017,-25,40,1
15,1993,Hawaii,2017,0,2017,-24,40,1
15,1994,Hawaii,2017,0,2017,-23,40,1
15,1995,Hawaii,2017,0,2017,-22,40,1
15,1996,Hawaii,2017,0,2017,-21,40,1
15,1997,Hawaii,2017,0,2017,-20,40,1
15,1998,Hawaii,2017,0,2017,-19,40,1
15,1999,Hawaii,2017,0,2017,-18,40,1
15,2000,Hawaii,2017,0,2017,-17,40,1
15,2001,Hawaii,2017,0,2017,-16,40,1
15,2002,Hawaii,2017,0,2017,-15,40,1
15,2003,Hawaii,2017,0,2017,-14,40,1
15,2004,Hawaii,2017,0,2017,-13,40,1
15,2005,Hawaii,2017,0,2017,-12,40,1
15,2006,Hawaii,2017,0,2017,-11,40,1
15,2007,Hawaii,2017,0,2017,-10,40,1
15,2008,Hawaii,2017,0,2017,-9,40,1
15,2009,Hawaii,2017,0,2017,-8,40,1
15,2010,Hawaii,2017,0,2017,-7,40,1
15,2011,Hawaii,2017,0,2017,-6,40,1
15,2012,Hawaii,2017,0,2017,-5,40,1
15,2013,Hawaii,2017,0,2017,-4,40,1
15,2014,Hawaii,2017,0,2017,-3,40,1
15,2015,Hawaii,2017,0,2017,-2,40,1
15,2016,Hawaii,2017,0,2017,-1,40,1
15,2017,Hawaii,2017,1,2017,0,40,1
15,2018,Hawaii,2017,1,2017,1,40,1
15,2019,Hawaii,2017,1,2017,2,40,1
15,2020,Hawaii,2017,1,2017,3,40,1
15,2021,Hawaii,2017,1,2017,4,40,1
15,2022,Hawaii,2017,1,2017,5,40,1
15,2023,Hawaii,2017,1,2017,6,40,1
16,1990,Idaho,NA,0,Inf,NA,0,NA
16,1991,Idaho,NA,0,Inf,NA,0,NA
16,1992,Idaho,NA,0,Inf,NA,0,NA
16,1993,Idaho,NA,0,Inf,NA,0,NA
16,1994,Idaho,NA,0,Inf,NA,0,NA
16,1995,Idaho,NA,0,Inf,NA,0,NA
16,1996,Idaho,NA,0,Inf,NA,0,NA
16,1997,Idaho,NA,0,Inf,NA,0,NA
16,1998,Idaho,NA,0,Inf,NA,0,NA
16,1999,Idaho,NA,0,Inf,NA,0,NA
16,2000,Idaho,NA,0,Inf,NA,0,NA
16,2001,Idaho,NA,0,Inf,NA,0,NA
16,2002,Idaho,NA,0,Inf,NA,0,NA
16,2003,Idaho,NA,0,Inf,NA,0,NA
16,2004,Idaho,NA,0,Inf,NA,0,NA
16,2005,Idaho,NA,0,Inf,NA,0,NA
16,2006,Idaho,NA,0,Inf,NA,0,NA
16,2007,Idaho,NA,0,Inf,NA,0,NA
16,2008,Idaho,NA,0,Inf,NA,0,NA
16,2009,Idaho,NA,0,Inf,NA,0,NA
16,2010,Idaho,NA,0,Inf,NA,0,NA
16,2011,Idaho,NA,0,Inf,NA,0,NA
16,2012,Idaho,NA,0,Inf,NA,0,NA
16,2013,Idaho,NA,0,Inf,NA,0,NA
16,2014,Idaho,NA,0,Inf,NA,0,NA
16,2015,Idaho,NA,0,Inf,NA,0,NA
16,2016,Idaho,NA,0,Inf,NA,0,NA
16,2017,Idaho,NA,0,Inf,NA,0,NA
16,2018,Idaho,NA,0,Inf,NA,0,NA
16,2019,Idaho,NA,0,Inf,NA,0,NA
16,2020,Idaho,NA,0,Inf,NA,0,NA
16,2021,Idaho,NA,0,Inf,NA,0,NA
16,2022,Idaho,NA,0,Inf,NA,0,NA
16,2023,Idaho,NA,0,Inf,NA,0,NA
17,1990,Illinois,2000,0,2000,-10,20,1
17,1991,Illinois,2000,0,2000,-9,20,1
17,1992,Illinois,2000,0,2000,-8,20,1
17,1993,Illinois,2000,0,2000,-7,20,1
17,1994,Illinois,2000,0,2000,-6,20,1
17,1995,Illinois,2000,0,2000,-5,20,1
17,1996,Illinois,2000,0,2000,-4,20,1
17,1997,Illinois,2000,0,2000,-3,20,1
17,1998,Illinois,2000,0,2000,-2,20,1
17,1999,Illinois,2000,0,2000,-1,20,1
17,2000,Illinois,2000,1,2000,0,20,1
17,2001,Illinois,2000,1,2000,1,20,1
17,2002,Illinois,2000,1,2000,2,20,1
17,2003,Illinois,2000,1,2000,3,20,1
17,2004,Illinois,2000,1,2000,4,20,1
17,2005,Illinois,2000,1,2000,5,20,1
17,2006,Illinois,2000,1,2000,6,20,1
17,2007,Illinois,2000,1,2000,7,20,1
17,2008,Illinois,2000,1,2000,8,20,1
17,2009,Illinois,2000,1,2000,9,20,1
17,2010,Illinois,2000,1,2000,10,20,1
17,2011,Illinois,2000,1,2000,11,20,1
17,2012,Illinois,2000,1,2000,12,20,1
17,2013,Illinois,2000,1,2000,13,20,1
17,2014,Illinois,2000,1,2000,14,20,1
17,2015,Illinois,2000,1,2000,15,20,1
17,2016,Illinois,2000,1,2000,16,20,1
17,2017,Illinois,2000,1,2000,17,20,1
17,2018,Illinois,2000,1,2000,18,20,1
17,2019,Illinois,2000,1,2000,19,20,1
17,2020,Illinois,2000,1,2000,20,20,1
17,2021,Illinois,2000,1,2000,21,20,1
17,2022,Illinois,2000,1,2000,22,20,1
17,2023,Illinois,2000,1,2000,23,20,1
18,1990,Indiana,1999,0,1999,-9,10,1
18,1991,Indiana,1999,0,1999,-8,10,1
18,1992,Indiana,1999,0,1999,-7,10,1
18,1993,Indiana,1999,0,1999,-6,10,1
18,1994,Indiana,1999,0,1999,-5,10,1
18,1995,Indiana,1999,0,1999,-4,10,1
18,1996,Indiana,1999,0,1999,-3,10,1
18,1997,Indiana,1999,0,1999,-2,10,1
18,1998,Indiana,1999,0,1999,-1,10,1
18,1999,Indiana,1999,1,1999,0,10,1
18,2000,Indiana,1999,1,1999,1,10,1
18,2001,Indiana,1999,1,1999,2,10,1
18,2002,Indiana,1999,1,1999,3,10,1
18,2003,Indiana,1999,1,1999,4,10,1
18,2004,Indiana,1999,1,1999,5,10,1
18,2005,Indiana,1999,1,1999,6,10,1
18,2006,Indiana,1999,1,1999,7,10,1
18,2007,Indiana,1999,1,1999,8,10,1
18,2008,Indiana,1999,1,1999,9,10,1
18,2009,Indiana,1999,1,1999,10,10,1
18,2010,Indiana,1999,1,1999,11,10,1
18,2011,Indiana,1999,1,1999,12,10,1
18,2012,Indiana,1999,1,1999,13,10,1
18,2013,Indiana,1999,1,1999,14,10,1
18,2014,Indiana,1999,1,1999,15,10,1
18,2015,Indiana,1999,1,1999,16,10,1
18,2016,Indiana,1999,1,1999,17,10,1
18,2017,Indiana,1999,1,1999,18,10,1
18,2018,Indiana,1999,1,1999,19,10,1
18,2019,Indiana,1999,1,1999,20,10,1
18,2020,Indiana,1999,1,1999,21,10,1
18,2021,Indiana,1999,1,1999,22,10,1
18,2022,Indiana,1999,1,1999,23,10,1
18,2023,Indiana,1999,1,1999,24,10,1
19,1990,Iowa,1989,1,1989,1,15,1
19,1991,Iowa,1989,1,1989,2,15,1
19,1992,Iowa,1989,1,1989,3,15,1
19,1993,Iowa,1989,1,1989,4,15,1
19,1994,Iowa,1989,1,1989,5,15,1
19,1995,Iowa,1989,1,1989,6,15,1
19,1996,Iowa,1989,1,1989,7,15,1
19,1997,Iowa,1989,1,1989,8,15,1
19,1998,Iowa,1989,1,1989,9,15,1
19,1999,Iowa,1989,1,1989,10,15,1
19,2000,Iowa,1989,1,1989,11,15,1
19,2001,Iowa,1989,1,1989,12,15,1
19,2002,Iowa,1989,1,1989,13,15,1
19,2003,Iowa,1989,1,1989,14,15,1
19,2004,Iowa,1989,1,1989,15,15,1
19,2005,Iowa,1989,1,1989,16,15,1
19,2006,Iowa,1989,1,1989,17,15,1
19,2007,Iowa,1989,1,1989,18,15,1
19,2008,Iowa,1989,1,1989,19,15,1
19,2009,Iowa,1989,1,1989,20,15,1
19,2010,Iowa,1989,1,1989,21,15,1
19,2011,Iowa,1989,1,1989,22,15,1
19,2012,Iowa,1989,1,1989,23,15,1
19,2013,Iowa,1989,1,1989,24,15,1
19,2014,Iowa,1989,1,1989,25,15,1
19,2015,Iowa,1989,1,1989,26,15,1
19,2016,Iowa,1989,1,1989,27,15,1
19,2017,Iowa,1989,1,1989,28,15,1
19,2018,Iowa,1989,1,1989,29,15,1
19,2019,Iowa,1989,1,1989,30,15,1
19,2020,Iowa,1989,1,1989,31,15,1
19,2021,Iowa,1989,1,1989,32,15,1
19,2022,Iowa,1989,1,1989,33,15,1
19,2023,Iowa,1989,1,1989,34,15,1
20,1990,Kansas,1998,0,1998,-8,17,1
20,1991,Kansas,1998,0,1998,-7,17,1
20,1992,Kansas,1998,0,1998,-6,17,1
20,1993,Kansas,1998,0,1998,-5,17,1
20,1994,Kansas,1998,0,1998,-4,17,1
20,1995,Kansas,1998,0,1998,-3,17,1
20,1996,Kansas,1998,0,1998,-2,17,1
20,1997,Kansas,1998,0,1998,-1,17,1
20,1998,Kansas,1998,1,1998,0,17,1
20,1999,Kansas,1998,1,1998,1,17,1
20,2000,Kansas,1998,1,1998,2,17,1
20,2001,Kansas,1998,1,1998,3,17,1
20,2002,Kansas,1998,1,1998,4,17,1
20,2003,Kansas,1998,1,1998,5,17,1
20,2004,Kansas,1998,1,1998,6,17,1
20,2005,Kansas,1998,1,1998,7,17,1
20,2006,Kansas,1998,1,1998,8,17,1
20,2007,Kansas,1998,1,1998,9,17,1
20,2008,Kansas,1998,1,1998,10,17,1
20,2009,Kansas,1998,1,1998,11,17,1
20,2010,Kansas,1998,1,1998,12,17,1
20,2011,Kansas,1998,1,1998,13,17,1
20,2012,Kansas,1998,1,1998,14,17,1
20,2013,Kansas,1998,1,1998,15,17,1
20,2014,Kansas,1998,1,1998,16,17,1
20,2015,Kansas,1998,1,1998,17,17,1
20,2016,Kansas,1998,1,1998,18,17,1
20,2017,Kansas,1998,1,1998,19,17,1
20,2018,Kansas,1998,1,1998,20,17,1
20,2019,Kansas,1998,1,1998,21,17,1
20,2020,Kansas,1998,1,1998,22,17,1
20,2021,Kansas,1998,1,1998,23,17,1
20,2022,Kansas,1998,1,1998,24,17,1
20,2023,Kansas,1998,1,1998,25,17,1
21,1990,Kentucky,NA,0,Inf,NA,0,NA
21,1991,Kentucky,NA,0,Inf,NA,0,NA
21,1992,Kentucky,NA,0,Inf,NA,0,NA
21,1993,Kentucky,NA,0,Inf,NA,0,NA
21,1994,Kentucky,NA,0,Inf,NA,0,NA
21,1995,Kentucky,NA,0,Inf,NA,0,NA
21,1996,Kentucky,NA,0,Inf,NA,0,NA
21,1997,Kentucky,NA,0,Inf,NA,0,NA
21,1998,Kentucky,NA,0,Inf,NA,0,NA
21,1999,Kentucky,NA,0,Inf,NA,0,NA
21,2000,Kentucky,NA,0,Inf,NA,0,NA
21,2001,Kentucky,NA,0,Inf,NA,0,NA
21,2002,Kentucky,NA,0,Inf,NA,0,NA
21,2003,Kentucky,NA,0,Inf,NA,0,NA
21,2004,Kentucky,NA,0,Inf,NA,0,NA
21,2005,Kentucky,NA,0,Inf,NA,0,NA
21,2006,Kentucky,NA,0,Inf,NA,0,NA
21,2007,Kentucky,NA,0,Inf,NA,0,NA
21,2008,Kentucky,NA,0,Inf,NA,0,NA
21,2009,Kentucky,NA,0,Inf,NA,0,NA
21,2010,Kentucky,NA,0,Inf,NA,0,NA
21,2011,Kentucky,NA,0,Inf,NA,0,NA
21,2012,Kentucky,NA,0,Inf,NA,0,NA
21,2013,Kentucky,NA,0,Inf,NA,0,NA
21,2014,Kentucky,NA,0,Inf,NA,0,NA
21,2015,Kentucky,NA,0,Inf,NA,0,NA
21,2016,Kentucky,NA,0,Inf,NA,0,NA
21,2017,Kentucky,NA,0,Inf,NA,0,NA
21,2018,Kentucky,NA,0,Inf,NA,0,NA
21,2019,Kentucky,NA,0,Inf,NA,0,NA
21,2020,Kentucky,NA,0,Inf,NA,0,NA
21,2021,Kentucky,NA,0,Inf,NA,0,NA
21,2022,Kentucky,NA,0,Inf,NA,0,NA
21,2023,Kentucky,NA,0,Inf,NA,0,NA
22,1990,Louisiana,2007,0,2007,-17,5,1
22,1991,Louisiana,2007,0,2007,-16,5,1
22,1992,Louisiana,2007,0,2007,-15,5,1
22,1993,Louisiana,2007,0,2007,-14,5,1
22,1994,Louisiana,2007,0,2007,-13,5,1
22,1995,Louisiana,2007,0,2007,-12,5,1
22,1996,Louisiana,2007,0,2007,-11,5,1
22,1997,Louisiana,2007,0,2007,-10,5,1
22,1998,Louisiana,2007,0,2007,-9,5,1
22,1999,Louisiana,2007,0,2007,-8,5,1
22,2000,Louisiana,2007,0,2007,-7,5,1
22,2001,Louisiana,2007,0,2007,-6,5,1
22,2002,Louisiana,2007,0,2007,-5,5,1
22,2003,Louisiana,2007,0,2007,-4,5,1
22,2004,Louisiana,2007,0,2007,-3,5,1
22,2005,Louisiana,2007,0,2007,-2,5,1
22,2006,Louisiana,2007,0,2007,-1,5,1
22,2007,Louisiana,2007,1,2007,0,5,1
22,2008,Louisiana,2007,1,2007,1,5,1
22,2009,Louisiana,2007,1,2007,2,5,1
22,2010,Louisiana,2007,1,2007,3,5,1
22,2011,Louisiana,2007,1,2007,4,5,1
22,2012,Louisiana,2007,1,2007,5,5,1
22,2013,Louisiana,2007,1,2007,6,5,1
22,2014,Louisiana,2007,1,2007,7,5,1
22,2015,Louisiana,2007,1,2007,8,5,1
22,2016,Louisiana,2007,1,2007,9,5,1
22,2017,Louisiana,2007,1,2007,10,5,1
22,2018,Louisiana,2007,1,2007,11,5,1
22,2019,Louisiana,2007,1,2007,12,5,1
22,2020,Louisiana,2007,1,2007,13,5,1
22,2021,Louisiana,2007,1,2007,14,5,1
22,2022,Louisiana,2007,1,2007,15,5,1
22,2023,Louisiana,2007,1,2007,16,5,1
23,1990,Maine,2000,0,2000,-10,12,1
23,1991,Maine,2000,0,2000,-9,12,1
23,1992,Maine,2000,0,2000,-8,12,1
23,1993,Maine,2000,0,2000,-7,12,1
23,1994,Maine,2000,0,2000,-6,12,1
23,1995,Maine,2000,0,2000,-5,12,1
23,1996,Maine,2000,0,2000,-4,12,1
23,1997,Maine,2000,0,2000,-3,12,1
23,1998,Maine,2000,0,2000,-2,12,1
23,1999,Maine,2000,0,2000,-1,12,1
23,2000,Maine,2000,1,2000,0,12,1
23,2001,Maine,2000,1,2000,1,12,1
23,2002,Maine,2000,1,2000,2,12,1
23,2003,Maine,2000,1,2000,3,12,1
23,2004,Maine,2000,1,2000,4,12,1
23,2005,Maine,2000,1,2000,5,12,1
23,2006,Maine,2000,1,2000,6,12,1
23,2007,Maine,2000,1,2000,7,12,1
23,2008,Maine,2000,1,2000,8,12,1
23,2009,Maine,2000,1,2000,9,12,1
23,2010,Maine,2000,1,2000,10,12,1
23,2011,Maine,2000,1,2000,11,12,1
23,2012,Maine,2000,1,2000,12,12,1
23,2013,Maine,2000,1,2000,13,12,1
23,2014,Maine,2000,1,2000,14,12,1
23,2015,Maine,2000,1,2000,15,12,1
23,2016,Maine,2000,1,2000,16,12,1
23,2017,Maine,2000,1,2000,17,12,1
23,2018,Maine,2000,1,2000,18,12,1
23,2019,Maine,2000,1,2000,19,12,1
23,2020,Maine,2000,1,2000,20,12,1
23,2021,Maine,2000,1,2000,21,12,1
23,2022,Maine,2000,1,2000,22,12,1
23,2023,Maine,2000,1,2000,23,12,1
24,1990,Maryland,1987,1,1987,3,45,1
24,1991,Maryland,1987,1,1987,4,45,1
24,1992,Maryland,1987,1,1987,5,45,1
24,1993,Maryland,1987,1,1987,6,45,1
24,1994,Maryland,1987,1,1987,7,45,1
24,1995,Maryland,1987,1,1987,8,45,1
24,1996,Maryland,1987,1,1987,9,45,1
24,1997,Maryland,1987,1,1987,10,45,1
24,1998,Maryland,1987,1,1987,11,45,1
24,1999,Maryland,1987,1,1987,12,45,1
24,2000,Maryland,1987,1,1987,13,45,1
24,2001,Maryland,1987,1,1987,14,45,1
24,2002,Maryland,1987,1,1987,15,45,1
24,2003,Maryland,1987,1,1987,16,45,1
24,2004,Maryland,1987,1,1987,17,45,1
24,2005,Maryland,1987,1,1987,18,45,1
24,2006,Maryland,1987,1,1987,19,45,1
24,2007,Maryland,1987,1,1987,20,45,1
24,2008,Maryland,1987,1,1987,21,45,1
24,2009,Maryland,1987,1,1987,22,45,1
24,2010,Maryland,1987,1,1987,23,45,1
24,2011,Maryland,1987,1,1987,24,45,1
24,2012,Maryland,1987,1,1987,25,45,1
24,2013,Maryland,1987,1,1987,26,45,1
24,2014,Maryland,1987,1,1987,27,45,1
24,2015,Maryland,1987,1,1987,28,45,1
24,2016,Maryland,1987,1,1987,29,45,1
24,2017,Maryland,1987,1,1987,30,45,1
24,2018,Maryland,1987,1,1987,31,45,1
24,2019,Maryland,1987,1,1987,32,45,1
24,2020,Maryland,1987,1,1987,33,45,1
24,2021,Maryland,1987,1,1987,34,45,1
24,2022,Maryland,1987,1,1987,35,45,1
24,2023,Maryland,1987,1,1987,36,45,1
25,1990,Massachusetts,1997,0,1997,-7,40,1
25,1991,Massachusetts,1997,0,1997,-6,40,1
25,1992,Massachusetts,1997,0,1997,-5,40,1
25,1993,Massachusetts,1997,0,1997,-4,40,1
25,1994,Massachusetts,1997,0,1997,-3,40,1
25,1995,Massachusetts,1997,0,1997,-2,40,1
25,1996,Massachusetts,1997,0,1997,-1,40,1
25,1997,Massachusetts,1997,1,1997,0,40,1
25,1998,Massachusetts,1997,1,1997,1,40,1
25,1999,Massachusetts,1997,1,1997,2,40,1
25,2000,Massachusetts,1997,1,1997,3,40,1
25,2001,Massachusetts,1997,1,1997,4,40,1
25,2002,Massachusetts,1997,1,1997,5,40,1
25,2003,Massachusetts,1997,1,1997,6,40,1
25,2004,Massachusetts,1997,1,1997,7,40,1
25,2005,Massachusetts,1997,1,1997,8,40,1
25,2006,Massachusetts,1997,1,1997,9,40,1
25,2007,Massachusetts,1997,1,1997,10,40,1
25,2008,Massachusetts,1997,1,1997,11,40,1
25,2009,Massachusetts,1997,1,1997,12,40,1
25,2010,Massachusetts,1997,1,1997,13,40,1
25,2011,Massachusetts,1997,1,1997,14,40,1
25,2012,Massachusetts,1997,1,1997,15,40,1
25,2013,Massachusetts,1997,1,1997,16,40,1
25,2014,Massachusetts,1997,1,1997,17,40,1
25,2015,Massachusetts,1997,1,1997,18,40,1
25,2016,Massachusetts,1997,1,1997,19,40,1
25,2017,Massachusetts,1997,1,1997,20,40,1
25,2018,Massachusetts,1997,1,1997,21,40,1
25,2019,Massachusetts,1997,1,1997,22,40,1
25,2020,Massachusetts,1997,1,1997,23,40,1
25,2021,Massachusetts,1997,1,1997,24,40,1
25,2022,Massachusetts,1997,1,1997,25,40,1
25,2023,Massachusetts,1997,1,1997,26,40,1
26,1990,Michigan,2006,0,2006,-16,30,1
26,1991,Michigan,2006,0,2006,-15,30,1
26,1992,Michigan,2006,0,2006,-14,30,1
26,1993,Michigan,2006,0,2006,-13,30,1
26,1994,Michigan,2006,0,2006,-12,30,1
26,1995,Michigan,2006,0,2006,-11,30,1
26,1996,Michigan,2006,0,2006,-10,30,1
26,1997,Michigan,2006,0,2006,-9,30,1
26,1998,Michigan,2006,0,2006,-8,30,1
26,1999,Michigan,2006,0,2006,-7,30,1
26,2000,Michigan,2006,0,2006,-6,30,1
26,2001,Michigan,2006,0,2006,-5,30,1
26,2002,Michigan,2006,0,2006,-4,30,1
26,2003,Michigan,2006,0,2006,-3,30,1
26,2004,Michigan,2006,0,2006,-2,30,1
26,2005,Michigan,2006,0,2006,-1,30,1
26,2006,Michigan,2006,1,2006,0,30,1
26,2007,Michigan,2006,1,2006,1,30,1
26,2008,Michigan,2006,1,2006,2,30,1
26,2009,Michigan,2006,1,2006,3,30,1
26,2010,Michigan,2006,1,2006,4,30,1
26,2011,Michigan,2006,1,2006,5,30,1
26,2012,Michigan,2006,1,2006,6,30,1
26,2013,Michigan,2006,1,2006,7,30,1
26,2014,Michigan,2006,1,2006,8,30,1
26,2015,Michigan,2006,1,2006,9,30,1
26,2016,Michigan,2006,1,2006,10,30,1
26,2017,Michigan,2006,1,2006,11,30,1
26,2018,Michigan,2006,1,2006,12,30,1
26,2019,Michigan,2006,1,2006,13,30,1
26,2020,Michigan,2006,1,2006,14,30,1
26,2021,Michigan,2006,1,2006,15,30,1
26,2022,Michigan,2006,1,2006,16,30,1
26,2023,Michigan,2006,1,2006,17,30,1
27,1990,Minnesota,1991,0,1991,-1,37,1
27,1991,Minnesota,1991,1,1991,0,37,1
27,1992,Minnesota,1991,1,1991,1,37,1
27,1993,Minnesota,1991,1,1991,2,37,1
27,1994,Minnesota,1991,1,1991,3,37,1
27,1995,Minnesota,1991,1,1991,4,37,1
27,1996,Minnesota,1991,1,1991,5,37,1
27,1997,Minnesota,1991,1,1991,6,37,1
27,1998,Minnesota,1991,1,1991,7,37,1
27,1999,Minnesota,1991,1,1991,8,37,1
27,2000,Minnesota,1991,1,1991,9,37,1
27,2001,Minnesota,1991,1,1991,10,37,1
27,2002,Minnesota,1991,1,1991,11,37,1
27,2003,Minnesota,1991,1,1991,12,37,1
27,2004,Minnesota,1991,1,1991,13,37,1
27,2005,Minnesota,1991,1,1991,14,37,1
27,2006,Minnesota,1991,1,1991,15,37,1
27,2007,Minnesota,1991,1,1991,16,37,1
27,2008,Minnesota,1991,1,1991,17,37,1
27,2009,Minnesota,1991,1,1991,18,37,1
27,2010,Minnesota,1991,1,1991,19,37,1
27,2011,Minnesota,1991,1,1991,20,37,1
27,2012,Minnesota,1991,1,1991,21,37,1
27,2013,Minnesota,1991,1,1991,22,37,1
27,2014,Minnesota,1991,1,1991,23,37,1
27,2015,Minnesota,1991,1,1991,24,37,1
27,2016,Minnesota,1991,1,1991,25,37,1
27,2017,Minnesota,1991,1,1991,26,37,1
27,2018,Minnesota,1991,1,1991,27,37,1
27,2019,Minnesota,1991,1,1991,28,37,1
27,2020,Minnesota,1991,1,1991,29,37,1
27,2021,Minnesota,1991,1,1991,30,37,1
27,2022,Minnesota,1991,1,1991,31,37,1
27,2023,Minnesota,1991,1,1991,32,37,1
28,1990,Mississippi,NA,0,Inf,NA,0,NA
28,1991,Mississippi,NA,0,Inf,NA,0,NA
28,1992,Mississippi,NA,0,Inf,NA,0,NA
28,1993,Mississippi,NA,0,Inf,NA,0,NA
28,1994,Mississippi,NA,0,Inf,NA,0,NA
28,1995,Mississippi,NA,0,Inf,NA,0,NA
28,1996,Mississippi,NA,0,Inf,NA,0,NA
28,1997,Mississippi,NA,0,Inf,NA,0,NA
28,1998,Mississippi,NA,0,Inf,NA,0,NA
28,1999,Mississippi,NA,0,Inf,NA,0,NA
28,2000,Mississippi,NA,0,Inf,NA,0,NA
28,2001,Mississippi,NA,0,Inf,NA,0,NA
28,2002,Mississippi,NA,0,Inf,NA,0,NA
28,2003,Mississippi,NA,0,Inf,NA,0,NA
28,2004,Mississippi,NA,0,Inf,NA,0,NA
28,2005,Mississippi,NA,0,Inf,NA,0,NA
28,2006,Mississippi,NA,0,Inf,NA,0,NA
28,2007,Mississippi,NA,0,Inf,NA,0,NA
28,2008,Mississippi,NA,0,Inf,NA,0,NA
28,2009,Mississippi,NA,0,Inf,NA,0,NA
28,2010,Mississippi,NA,0,Inf,NA,0,NA
28,2011,Mississippi,NA,0,Inf,NA,0,NA
28,2012,Mississippi,NA,0,Inf,NA,0,NA
28,2013,Mississippi,NA,0,Inf,NA,0,NA
28,2014,Mississippi,NA,0,Inf,NA,0,NA
28,2015,Mississippi,NA,0,Inf,NA,0,NA
28,2016,Mississippi,NA,0,Inf,NA,0,NA
28,2017,Mississippi,NA,0,Inf,NA,0,NA
28,2018,Mississippi,NA,0,Inf,NA,0,NA
28,2019,Mississippi,NA,0,Inf,NA,0,NA
28,2020,Mississippi,NA,0,Inf,NA,0,NA
28,2021,Mississippi,NA,0,Inf,NA,0,NA
28,2022,Mississippi,NA,0,Inf,NA,0,NA
28,2023,Mississippi,NA,0,Inf,NA,0,NA
29,1990,Missouri,2023,0,2023,-33,10,0
29,1991,Missouri,2023,0,2023,-32,10,0
29,1992,Missouri,2023,0,2023,-31,10,0
29,1993,Missouri,2023,0,2023,-30,10,0
29,1994,Missouri,2023,0,2023,-29,10,0
29,1995,Missouri,2023,0,2023,-28,10,0
29,1996,Missouri,2023,0,2023,-27,10,0
29,1997,Missouri,2023,0,2023,-26,10,0
29,1998,Missouri,2023,0,2023,-25,10,0
29,1999,Missouri,2023,0,2023,-24,10,0
29,2000,Missouri,2023,0,2023,-23,10,0
29,2001,Missouri,2023,0,2023,-22,10,0
29,2002,Missouri,2023,0,2023,-21,10,0
29,2003,Missouri,2023,0,2023,-20,10,0
29,2004,Missouri,2023,0,2023,-19,10,0
29,2005,Missouri,2023,0,2023,-18,10,0
29,2006,Missouri,2023,0,2023,-17,10,0
29,2007,Missouri,2023,0,2023,-16,10,0
29,2008,Missouri,2023,0,2023,-15,10,0
29,2009,Missouri,2023,0,2023,-14,10,0
29,2010,Missouri,2023,0,2023,-13,10,0
29,2011,Missouri,2023,0,2023,-12,10,0
29,2012,Missouri,2023,0,2023,-11,10,0
29,2013,Missouri,2023,0,2023,-10,10,0
29,2014,Missouri,2023,0,2023,-9,10,0
29,2015,Missouri,2023,0,2023,-8,10,0
29,2016,Missouri,2023,0,2023,-7,10,0
29,2017,Missouri,2023,0,2023,-6,10,0
29,2018,Missouri,2023,0,2023,-5,10,0
29,2019,Missouri,2023,0,2023,-4,10,0
29,2020,Missouri,2023,0,2023,-3,10,0
29,2021,Missouri,2023,0,2023,-2,10,0
29,2022,Missouri,2023,0,2023,-1,10,0
29,2023,Missouri,2023,1,2023,0,10,0
30,1990,Montana,2019,0,2019,-29,10,1
30,1991,Montana,2019,0,2019,-28,10,1
30,1992,Montana,2019,0,2019,-27,10,1
30,1993,Montana,2019,0,2019,-26,10,1
30,1994,Montana,2019,0,2019,-25,10,1
30,1995,Montana,2019,0,2019,-24,10,1
30,1996,Montana,2019,0,2019,-23,10,1
30,1997,Montana,2019,0,2019,-22,10,1
30,1998,Montana,2019,0,2019,-21,10,1
30,1999,Montana,2019,0,2019,-20,10,1
30,2000,Montana,2019,0,2019,-19,10,1
30,2001,Montana,2019,0,2019,-18,10,1
30,2002,Montana,2019,0,2019,-17,10,1
30,2003,Montana,2019,0,2019,-16,10,1
30,2004,Montana,2019,0,2019,-15,10,1
30,2005,Montana,2019,0,2019,-14,10,1
30,2006,Montana,2019,0,2019,-13,10,1
30,2007,Montana,2019,0,2019,-12,10,1
30,2008,Montana,2019,0,2019,-11,10,1
30,2009,Montana,2019,0,2019,-10,10,1
30,2010,Montana,2019,0,2019,-9,10,1
30,2011,Montana,2019,0,2019,-8,10,1
30,2012,Montana,2019,0,2019,-7,10,1
30,2013,Montana,2019,0,2019,-6,10,1
30,2014,Montana,2019,0,2019,-5,10,1
30,2015,Montana,2019,0,2019,-4,10,1
30,2016,Montana,2019,0,2019,-3,10,1
30,2017,Montana,2019,0,2019,-2,10,1
30,2018,Montana,2019,0,2019,-1,10,1
30,2019,Montana,2019,1,2019,0,10,1
30,2020,Montana,2019,1,2019,1,10,1
30,2021,Montana,2019,1,2019,2,10,1
30,2022,Montana,2019,1,2019,3,10,1
30,2023,Montana,2019,1,2019,4,10,1
31,1990,Nebraska,2006,0,2006,-16,10,1
31,1991,Nebraska,2006,0,2006,-15,10,1
31,1992,Nebraska,2006,0,2006,-14,10,1
31,1993,Nebraska,2006,0,2006,-13,10,1
31,1994,Nebraska,2006,0,2006,-12,10,1
31,1995,Nebraska,2006,0,2006,-11,10,1
31,1996,Nebraska,2006,0,2006,-10,10,1
31,1997,Nebraska,2006,0,2006,-9,10,1
31,1998,Nebraska,2006,0,2006,-8,10,1
31,1999,Nebraska,2006,0,2006,-7,10,1
31,2000,Nebraska,2006,0,2006,-6,10,1
31,2001,Nebraska,2006,0,2006,-5,10,1
31,2002,Nebraska,2006,0,2006,-4,10,1
31,2003,Nebraska,2006,0,2006,-3,10,1
31,2004,Nebraska,2006,0,2006,-2,10,1
31,2005,Nebraska,2006,0,2006,-1,10,1
31,2006,Nebraska,2006,1,2006,0,10,1
31,2007,Nebraska,2006,1,2006,1,10,1
31,2008,Nebraska,2006,1,2006,2,10,1
31,2009,Nebraska,2006,1,2006,3,10,1
31,2010,Nebraska,2006,1,2006,4,10,1
31,2011,Nebraska,2006,1,2006,5,10,1
31,2012,Nebraska,2006,1,2006,6,10,1
31,2013,Nebraska,2006,1,2006,7,10,1
31,2014,Nebraska,2006,1,2006,8,10,1
31,2015,Nebraska,2006,1,2006,9,10,1
31,2016,Nebraska,2006,1,2006,10,10,1
31,2017,Nebraska,2006,1,2006,11,10,1
31,2018,Nebraska,2006,1,2006,12,10,1
31,2019,Nebraska,2006,1,2006,13,10,1
31,2020,Nebraska,2006,1,2006,14,10,1
31,2021,Nebraska,2006,1,2006,15,10,1
31,2022,Nebraska,2006,1,2006,16,10,1
31,2023,Nebraska,2006,1,2006,17,10,1
32,1990,Nevada,NA,0,Inf,NA,0,NA
32,1991,Nevada,NA,0,Inf,NA,0,NA
32,1992,Nevada,NA,0,Inf,NA,0,NA
32,1993,Nevada,NA,0,Inf,NA,0,NA
32,1994,Nevada,NA,0,Inf,NA,0,NA
32,1995,Nevada,NA,0,Inf,NA,0,NA
32,1996,Nevada,NA,0,Inf,NA,0,NA
32,1997,Nevada,NA,0,Inf,NA,0,NA
32,1998,Nevada,NA,0,Inf,NA,0,NA
32,1999,Nevada,NA,0,Inf,NA,0,NA
32,2000,Nevada,NA,0,Inf,NA,0,NA
32,2001,Nevada,NA,0,Inf,NA,0,NA
32,2002,Nevada,NA,0,Inf,NA,0,NA
32,2003,Nevada,NA,0,Inf,NA,0,NA
32,2004,Nevada,NA,0,Inf,NA,0,NA
32,2005,Nevada,NA,0,Inf,NA,0,NA
32,2006,Nevada,NA,0,Inf,NA,0,NA
32,2007,Nevada,NA,0,Inf,NA,0,NA
32,2008,Nevada,NA,0,Inf,NA,0,NA
32,2009,Nevada,NA,0,Inf,NA,0,NA
32,2010,Nevada,NA,0,Inf,NA,0,NA
32,2011,Nevada,NA,0,Inf,NA,0,NA
32,2012,Nevada,NA,0,Inf,NA,0,NA
32,2013,Nevada,NA,0,Inf,NA,0,NA
32,2014,Nevada,NA,0,Inf,NA,0,NA
32,2015,Nevada,NA,0,Inf,NA,0,NA
32,2016,Nevada,NA,0,Inf,NA,0,NA
32,2017,Nevada,NA,0,Inf,NA,0,NA
32,2018,Nevada,NA,0,Inf,NA,0,NA
32,2019,Nevada,NA,0,Inf,NA,0,NA
32,2020,Nevada,NA,0,Inf,NA,0,NA
32,2021,Nevada,NA,0,Inf,NA,0,NA
32,2022,Nevada,NA,0,Inf,NA,0,NA
32,2023,Nevada,NA,0,Inf,NA,0,NA
33,1990,New Hampshire,NA,0,Inf,NA,0,NA
33,1991,New Hampshire,NA,0,Inf,NA,0,NA
33,1992,New Hampshire,NA,0,Inf,NA,0,NA
33,1993,New Hampshire,NA,0,Inf,NA,0,NA
33,1994,New Hampshire,NA,0,Inf,NA,0,NA
33,1995,New Hampshire,NA,0,Inf,NA,0,NA
33,1996,New Hampshire,NA,0,Inf,NA,0,NA
33,1997,New Hampshire,NA,0,Inf,NA,0,NA
33,1998,New Hampshire,NA,0,Inf,NA,0,NA
33,1999,New Hampshire,NA,0,Inf,NA,0,NA
33,2000,New Hampshire,NA,0,Inf,NA,0,NA
33,2001,New Hampshire,NA,0,Inf,NA,0,NA
33,2002,New Hampshire,NA,0,Inf,NA,0,NA
33,2003,New Hampshire,NA,0,Inf,NA,0,NA
33,2004,New Hampshire,NA,0,Inf,NA,0,NA
33,2005,New Hampshire,NA,0,Inf,NA,0,NA
33,2006,New Hampshire,NA,0,Inf,NA,0,NA
33,2007,New Hampshire,NA,0,Inf,NA,0,NA
33,2008,New Hampshire,NA,0,Inf,NA,0,NA
33,2009,New Hampshire,NA,0,Inf,NA,0,NA
33,2010,New Hampshire,NA,0,Inf,NA,0,NA
33,2011,New Hampshire,NA,0,Inf,NA,0,NA
33,2012,New Hampshire,NA,0,Inf,NA,0,NA
33,2013,New Hampshire,NA,0,Inf,NA,0,NA
33,2014,New Hampshire,NA,0,Inf,NA,0,NA
33,2015,New Hampshire,NA,0,Inf,NA,0,NA
33,2016,New Hampshire,NA,0,Inf,NA,0,NA
33,2017,New Hampshire,NA,0,Inf,NA,0,NA
33,2018,New Hampshire,NA,0,Inf,NA,0,NA
33,2019,New Hampshire,NA,0,Inf,NA,0,NA
33,2020,New Hampshire,NA,0,Inf,NA,0,NA
33,2021,New Hampshire,NA,0,Inf,NA,0,NA
33,2022,New Hampshire,NA,0,Inf,NA,0,NA
33,2023,New Hampshire,NA,0,Inf,NA,0,NA
34,1990,New Jersey,2000,0,2000,-10,40,1
34,1991,New Jersey,2000,0,2000,-9,40,1
34,1992,New Jersey,2000,0,2000,-8,40,1
34,1993,New Jersey,2000,0,2000,-7,40,1
34,1994,New Jersey,2000,0,2000,-6,40,1
34,1995,New Jersey,2000,0,2000,-5,40,1
34,1996,New Jersey,2000,0,2000,-4,40,1
34,1997,New Jersey,2000,0,2000,-3,40,1
34,1998,New Jersey,2000,0,2000,-2,40,1
34,1999,New Jersey,2000,0,2000,-1,40,1
34,2000,New Jersey,2000,1,2000,0,40,1
34,2001,New Jersey,2000,1,2000,1,40,1
34,2002,New Jersey,2000,1,2000,2,40,1
34,2003,New Jersey,2000,1,2000,3,40,1
34,2004,New Jersey,2000,1,2000,4,40,1
34,2005,New Jersey,2000,1,2000,5,40,1
34,2006,New Jersey,2000,1,2000,6,40,1
34,2007,New Jersey,2000,1,2000,7,40,1
34,2008,New Jersey,2000,1,2000,8,40,1
34,2009,New Jersey,2000,1,2000,9,40,1
34,2010,New Jersey,2000,1,2000,10,40,1
34,2011,New Jersey,2000,1,2000,11,40,1
34,2012,New Jersey,2000,1,2000,12,40,1
34,2013,New Jersey,2000,1,2000,13,40,1
34,2014,New Jersey,2000,1,2000,14,40,1
34,2015,New Jersey,2000,1,2000,15,40,1
34,2016,New Jersey,2000,1,2000,16,40,1
34,2017,New Jersey,2000,1,2000,17,40,1
34,2018,New Jersey,2000,1,2000,18,40,1
34,2019,New Jersey,2000,1,2000,19,40,1
34,2020,New Jersey,2000,1,2000,20,40,1
34,2021,New Jersey,2000,1,2000,21,40,1
34,2022,New Jersey,2000,1,2000,22,40,1
34,2023,New Jersey,2000,1,2000,23,40,1
35,1990,New Mexico,2007,0,2007,-17,25,1
35,1991,New Mexico,2007,0,2007,-16,25,1
35,1992,New Mexico,2007,0,2007,-15,25,1
35,1993,New Mexico,2007,0,2007,-14,25,1
35,1994,New Mexico,2007,0,2007,-13,25,1
35,1995,New Mexico,2007,0,2007,-12,25,1
35,1996,New Mexico,2007,0,2007,-11,25,1
35,1997,New Mexico,2007,0,2007,-10,25,1
35,1998,New Mexico,2007,0,2007,-9,25,1
35,1999,New Mexico,2007,0,2007,-8,25,1
35,2000,New Mexico,2007,0,2007,-7,25,1
35,2001,New Mexico,2007,0,2007,-6,25,1
35,2002,New Mexico,2007,0,2007,-5,25,1
35,2003,New Mexico,2007,0,2007,-4,25,1
35,2004,New Mexico,2007,0,2007,-3,25,1
35,2005,New Mexico,2007,0,2007,-2,25,1
35,2006,New Mexico,2007,0,2007,-1,25,1
35,2007,New Mexico,2007,1,2007,0,25,1
35,2008,New Mexico,2007,1,2007,1,25,1
35,2009,New Mexico,2007,1,2007,2,25,1
35,2010,New Mexico,2007,1,2007,3,25,1
35,2011,New Mexico,2007,1,2007,4,25,1
35,2012,New Mexico,2007,1,2007,5,25,1
35,2013,New Mexico,2007,1,2007,6,25,1
35,2014,New Mexico,2007,1,2007,7,25,1
35,2015,New Mexico,2007,1,2007,8,25,1
35,2016,New Mexico,2007,1,2007,9,25,1
35,2017,New Mexico,2007,1,2007,10,25,1
35,2018,New Mexico,2007,1,2007,11,25,1
35,2019,New Mexico,2007,1,2007,12,25,1
35,2020,New Mexico,2007,1,2007,13,25,1
35,2021,New Mexico,2007,1,2007,14,25,1
35,2022,New Mexico,2007,1,2007,15,25,1
35,2023,New Mexico,2007,1,2007,16,25,1
36,1990,New York,1994,0,1994,-4,30,1
36,1991,New York,1994,0,1994,-3,30,1
36,1992,New York,1994,0,1994,-2,30,1
36,1993,New York,1994,0,1994,-1,30,1
36,1994,New York,1994,1,1994,0,30,1
36,1995,New York,1994,1,1994,1,30,1
36,1996,New York,1994,1,1994,2,30,1
36,1997,New York,1994,1,1994,3,30,1
36,1998,New York,1994,1,1994,4,30,1
36,1999,New York,1994,1,1994,5,30,1
36,2000,New York,1994,1,1994,6,30,1
36,2001,New York,1994,1,1994,7,30,1
36,2002,New York,1994,1,1994,8,30,1
36,2003,New York,1994,1,1994,9,30,1
36,2004,New York,1994,1,1994,10,30,1
36,2005,New York,1994,1,1994,11,30,1
36,2006,New York,1994,1,1994,12,30,1
36,2007,New York,1994,1,1994,13,30,1
36,2008,New York,1994,1,1994,14,30,1
36,2009,New York,1994,1,1994,15,30,1
36,2010,New York,1994,1,1994,16,30,1
36,2011,New York,1994,1,1994,17,30,1
36,2012,New York,1994,1,1994,18,30,1
36,2013,New York,1994,1,1994,19,30,1
36,2014,New York,1994,1,1994,20,30,1
36,2015,New York,1994,1,1994,21,30,1
36,2016,New York,1994,1,1994,22,30,1
36,2017,New York,1994,1,1994,23,30,1
36,2018,New York,1994,1,1994,24,30,1
36,2019,New York,1994,1,1994,25,30,1
36,2020,New York,1994,1,1994,26,30,1
36,2021,New York,1994,1,1994,27,30,1
36,2022,New York,1994,1,1994,28,30,1
36,2023,New York,1994,1,1994,29,30,1
37,1990,North Carolina,2008,0,Inf,NA,0,NA
37,1991,North Carolina,2008,0,Inf,NA,0,NA
37,1992,North Carolina,2008,0,Inf,NA,0,NA
37,1993,North Carolina,2008,0,Inf,NA,0,NA
37,1994,North Carolina,2008,0,Inf,NA,0,NA
37,1995,North Carolina,2008,0,Inf,NA,0,NA
37,1996,North Carolina,2008,0,Inf,NA,0,NA
37,1997,North Carolina,2008,0,Inf,NA,0,NA
37,1998,North Carolina,2008,0,Inf,NA,0,NA
37,1999,North Carolina,2008,0,Inf,NA,0,NA
37,2000,North Carolina,2008,0,Inf,NA,0,NA
37,2001,North Carolina,2008,0,Inf,NA,0,NA
37,2002,North Carolina,2008,0,Inf,NA,0,NA
37,2003,North Carolina,2008,0,Inf,NA,0,NA
37,2004,North Carolina,2008,0,Inf,NA,0,NA
37,2005,North Carolina,2008,0,Inf,NA,0,NA
37,2006,North Carolina,2008,0,Inf,NA,0,NA
37,2007,North Carolina,2008,0,Inf,NA,0,NA
37,2008,North Carolina,2008,1,Inf,NA,0,NA
37,2009,North Carolina,2008,1,Inf,NA,0,NA
37,2010,North Carolina,2008,1,Inf,NA,0,NA
37,2011,North Carolina,2008,1,Inf,NA,0,NA
37,2012,North Carolina,2008,1,Inf,NA,0,NA
37,2013,North Carolina,2008,1,Inf,NA,0,NA
37,2014,North Carolina,2008,0,Inf,NA,0,NA
37,2015,North Carolina,2008,0,Inf,NA,0,NA
37,2016,North Carolina,2008,0,Inf,NA,0,NA
37,2017,North Carolina,2008,0,Inf,NA,0,NA
37,2018,North Carolina,2008,0,Inf,NA,0,NA
37,2019,North Carolina,2008,0,Inf,NA,0,NA
37,2020,North Carolina,2008,0,Inf,NA,0,NA
37,2021,North Carolina,2008,0,Inf,NA,0,NA
37,2022,North Carolina,2008,0,Inf,NA,0,NA
37,2023,North Carolina,2008,0,Inf,NA,0,NA
38,1990,North Dakota,NA,0,Inf,NA,0,NA
38,1991,North Dakota,NA,0,Inf,NA,0,NA
38,1992,North Dakota,NA,0,Inf,NA,0,NA
38,1993,North Dakota,NA,0,Inf,NA,0,NA
38,1994,North Dakota,NA,0,Inf,NA,0,NA
38,1995,North Dakota,NA,0,Inf,NA,0,NA
38,1996,North Dakota,NA,0,Inf,NA,0,NA
38,1997,North Dakota,NA,0,Inf,NA,0,NA
38,1998,North Dakota,NA,0,Inf,NA,0,NA
38,1999,North Dakota,NA,0,Inf,NA,0,NA
38,2000,North Dakota,NA,0,Inf,NA,0,NA
38,2001,North Dakota,NA,0,Inf,NA,0,NA
38,2002,North Dakota,NA,0,Inf,NA,0,NA
38,2003,North Dakota,NA,0,Inf,NA,0,NA
38,2004,North Dakota,NA,0,Inf,NA,0,NA
38,2005,North Dakota,NA,0,Inf,NA,0,NA
38,2006,North Dakota,NA,0,Inf,NA,0,NA
38,2007,North Dakota,NA,0,Inf,NA,0,NA
38,2008,North Dakota,NA,0,Inf,NA,0,NA
38,2009,North Dakota,NA,0,Inf,NA,0,NA
38,2010,North Dakota,NA,0,Inf,NA,0,NA
38,2011,North Dakota,NA,0,Inf,NA,0,NA
38,2012,North Dakota,NA,0,Inf,NA,0,NA
38,2013,North Dakota,NA,0,Inf,NA,0,NA
38,2014,North Dakota,NA,0,Inf,NA,0,NA
38,2015,North Dakota,NA,0,Inf,NA,0,NA
38,2016,North Dakota,NA,0,Inf,NA,0,NA
38,2017,North Dakota,NA,0,Inf,NA,0,NA
38,2018,North Dakota,NA,0,Inf,NA,0,NA
38,2019,North Dakota,NA,0,Inf,NA,0,NA
38,2020,North Dakota,NA,0,Inf,NA,0,NA
38,2021,North Dakota,NA,0,Inf,NA,0,NA
38,2022,North Dakota,NA,0,Inf,NA,0,NA
38,2023,North Dakota,NA,0,Inf,NA,0,NA
39,1990,Ohio,2013,0,2013,-23,30,0
39,1991,Ohio,2013,0,2013,-22,30,0
39,1992,Ohio,2013,0,2013,-21,30,0
39,1993,Ohio,2013,0,2013,-20,30,0
39,1994,Ohio,2013,0,2013,-19,30,0
39,1995,Ohio,2013,0,2013,-18,30,0
39,1996,Ohio,2013,0,2013,-17,30,0
39,1997,Ohio,2013,0,2013,-16,30,0
39,1998,Ohio,2013,0,2013,-15,30,0
39,1999,Ohio,2013,0,2013,-14,30,0
39,2000,Ohio,2013,0,2013,-13,30,0
39,2001,Ohio,2013,0,2013,-12,30,0
39,2002,Ohio,2013,0,2013,-11,30,0
39,2003,Ohio,2013,0,2013,-10,30,0
39,2004,Ohio,2013,0,2013,-9,30,0
39,2005,Ohio,2013,0,2013,-8,30,0
39,2006,Ohio,2013,0,2013,-7,30,0
39,2007,Ohio,2013,0,2013,-6,30,0
39,2008,Ohio,2013,0,2013,-5,30,0
39,2009,Ohio,2013,0,2013,-4,30,0
39,2010,Ohio,2013,0,2013,-3,30,0
39,2011,Ohio,2013,0,2013,-2,30,0
39,2012,Ohio,2013,0,2013,-1,30,0
39,2013,Ohio,2013,1,2013,0,30,0
39,2014,Ohio,2013,1,2013,1,30,0
39,2015,Ohio,2013,1,2013,2,30,0
39,2016,Ohio,2013,1,2013,3,30,0
39,2017,Ohio,2013,1,2013,4,30,0
39,2018,Ohio,2013,1,2013,5,30,0
39,2019,Ohio,2013,1,2013,6,30,0
39,2020,Ohio,2013,1,2013,7,30,0
39,2021,Ohio,2013,1,2013,8,30,0
39,2022,Ohio,2013,1,2013,9,30,0
39,2023,Ohio,2013,1,2013,10,30,0
40,1990,Oklahoma,2002,0,2002,-12,5,0
40,1991,Oklahoma,2002,0,2002,-11,5,0
40,1992,Oklahoma,2002,0,2002,-10,5,0
40,1993,Oklahoma,2002,0,2002,-9,5,0
40,1994,Oklahoma,2002,0,2002,-8,5,0
40,1995,Oklahoma,2002,0,2002,-7,5,0
40,1996,Oklahoma,2002,0,2002,-6,5,0
40,1997,Oklahoma,2002,0,2002,-5,5,0
40,1998,Oklahoma,2002,0,2002,-4,5,0
40,1999,Oklahoma,2002,0,2002,-3,5,0
40,2000,Oklahoma,2002,0,2002,-2,5,0
40,2001,Oklahoma,2002,0,2002,-1,5,0
40,2002,Oklahoma,2002,1,2002,0,5,0
40,2003,Oklahoma,2002,1,2002,1,5,0
40,2004,Oklahoma,2002,1,2002,2,5,0
40,2005,Oklahoma,2002,1,2002,3,5,0
40,2006,Oklahoma,2002,1,2002,4,5,0
40,2007,Oklahoma,2002,1,2002,5,5,0
40,2008,Oklahoma,2002,1,2002,6,5,0
40,2009,Oklahoma,2002,1,2002,7,5,0
40,2010,Oklahoma,2002,1,2002,8,5,0
40,2011,Oklahoma,2002,1,2002,9,5,0
40,2012,Oklahoma,2002,1,2002,10,5,0
40,2013,Oklahoma,2002,1,2002,11,5,0
40,2014,Oklahoma,2002,1,2002,12,5,0
40,2015,Oklahoma,2002,1,2002,13,5,0
40,2016,Oklahoma,2002,1,2002,14,5,0
40,2017,Oklahoma,2002,1,2002,15,5,0
40,2018,Oklahoma,2002,1,2002,16,5,0
40,2019,Oklahoma,2002,1,2002,17,5,0
40,2020,Oklahoma,2002,1,2002,18,5,0
40,2021,Oklahoma,2002,1,2002,19,5,0
40,2022,Oklahoma,2002,1,2002,20,5,0
40,2023,Oklahoma,2002,1,2002,21,5,0
41,1990,Oregon,1997,0,1997,-7,12,1
41,1991,Oregon,1997,0,1997,-6,12,1
41,1992,Oregon,1997,0,1997,-5,12,1
41,1993,Oregon,1997,0,1997,-4,12,1
41,1994,Oregon,1997,0,1997,-3,12,1
41,1995,Oregon,1997,0,1997,-2,12,1
41,1996,Oregon,1997,0,1997,-1,12,1
41,1997,Oregon,1997,1,1997,0,12,1
41,1998,Oregon,1997,1,1997,1,12,1
41,1999,Oregon,1997,1,1997,2,12,1
41,2000,Oregon,1997,1,1997,3,12,1
41,2001,Oregon,1997,1,1997,4,12,1
41,2002,Oregon,1997,1,1997,5,12,1
41,2003,Oregon,1997,1,1997,6,12,1
41,2004,Oregon,1997,1,1997,7,12,1
41,2005,Oregon,1997,1,1997,8,12,1
41,2006,Oregon,1997,1,1997,9,12,1
41,2007,Oregon,1997,1,1997,10,12,1
41,2008,Oregon,1997,1,1997,11,12,1
41,2009,Oregon,1997,1,1997,12,12,1
41,2010,Oregon,1997,1,1997,13,12,1
41,2011,Oregon,1997,1,1997,14,12,1
41,2012,Oregon,1997,1,1997,15,12,1
41,2013,Oregon,1997,1,1997,16,12,1
41,2014,Oregon,1997,1,1997,17,12,1
41,2015,Oregon,1997,1,1997,18,12,1
41,2016,Oregon,1997,1,1997,19,12,1
41,2017,Oregon,1997,1,1997,20,12,1
41,2018,Oregon,1997,1,1997,21,12,1
41,2019,Oregon,1997,1,1997,22,12,1
41,2020,Oregon,1997,1,1997,23,12,1
41,2021,Oregon,1997,1,1997,24,12,1
41,2022,Oregon,1997,1,1997,25,12,1
41,2023,Oregon,1997,1,1997,26,12,1
42,1990,Pennsylvania,NA,0,Inf,NA,0,NA
42,1991,Pennsylvania,NA,0,Inf,NA,0,NA
42,1992,Pennsylvania,NA,0,Inf,NA,0,NA
42,1993,Pennsylvania,NA,0,Inf,NA,0,NA
42,1994,Pennsylvania,NA,0,Inf,NA,0,NA
42,1995,Pennsylvania,NA,0,Inf,NA,0,NA
42,1996,Pennsylvania,NA,0,Inf,NA,0,NA
42,1997,Pennsylvania,NA,0,Inf,NA,0,NA
42,1998,Pennsylvania,NA,0,Inf,NA,0,NA
42,1999,Pennsylvania,NA,0,Inf,NA,0,NA
42,2000,Pennsylvania,NA,0,Inf,NA,0,NA
42,2001,Pennsylvania,NA,0,Inf,NA,0,NA
42,2002,Pennsylvania,NA,0,Inf,NA,0,NA
42,2003,Pennsylvania,NA,0,Inf,NA,0,NA
42,2004,Pennsylvania,NA,0,Inf,NA,0,NA
42,2005,Pennsylvania,NA,0,Inf,NA,0,NA
42,2006,Pennsylvania,NA,0,Inf,NA,0,NA
42,2007,Pennsylvania,NA,0,Inf,NA,0,NA
42,2008,Pennsylvania,NA,0,Inf,NA,0,NA
42,2009,Pennsylvania,NA,0,Inf,NA,0,NA
42,2010,Pennsylvania,NA,0,Inf,NA,0,NA
42,2011,Pennsylvania,NA,0,Inf,NA,0,NA
42,2012,Pennsylvania,NA,0,Inf,NA,0,NA
42,2013,Pennsylvania,NA,0,Inf,NA,0,NA
42,2014,Pennsylvania,NA,0,Inf,NA,0,NA
42,2015,Pennsylvania,NA,0,Inf,NA,0,NA
42,2016,Pennsylvania,NA,0,Inf,NA,0,NA
42,2017,Pennsylvania,NA,0,Inf,NA,0,NA
42,2018,Pennsylvania,NA,0,Inf,NA,0,NA
42,2019,Pennsylvania,NA,0,Inf,NA,0,NA
42,2020,Pennsylvania,NA,0,Inf,NA,0,NA
42,2021,Pennsylvania,NA,0,Inf,NA,0,NA
42,2022,Pennsylvania,NA,0,Inf,NA,0,NA
42,2023,Pennsylvania,NA,0,Inf,NA,0,NA
44,1990,Rhode Island,1986,1,1986,4,16,1
44,1991,Rhode Island,1986,1,1986,5,16,1
44,1992,Rhode Island,1986,1,1986,6,16,1
44,1993,Rhode Island,1986,1,1986,7,16,1
44,1994,Rhode Island,1986,1,1986,8,16,1
44,1995,Rhode Island,1986,1,1986,9,16,1
44,1996,Rhode Island,1986,1,1986,10,16,1
44,1997,Rhode Island,1986,1,1986,11,16,1
44,1998,Rhode Island,1986,1,1986,12,16,1
44,1999,Rhode Island,1986,1,1986,13,16,1
44,2000,Rhode Island,1986,1,1986,14,16,1
44,2001,Rhode Island,1986,1,1986,15,16,1
44,2002,Rhode Island,1986,1,1986,16,16,1
44,2003,Rhode Island,1986,1,1986,17,16,1
44,2004,Rhode Island,1986,1,1986,18,16,1
44,2005,Rhode Island,1986,1,1986,19,16,1
44,2006,Rhode Island,1986,1,1986,20,16,1
44,2007,Rhode Island,1986,1,1986,21,16,1
44,2008,Rhode Island,1986,1,1986,22,16,1
44,2009,Rhode Island,1986,1,1986,23,16,1
44,2010,Rhode Island,1986,1,1986,24,16,1
44,2011,Rhode Island,1986,1,1986,25,16,1
44,2012,Rhode Island,1986,1,1986,26,16,1
44,2013,Rhode Island,1986,1,1986,27,16,1
44,2014,Rhode Island,1986,1,1986,28,16,1
44,2015,Rhode Island,1986,1,1986,29,16,1
44,2016,Rhode Island,1986,1,1986,30,16,1
44,2017,Rhode Island,1986,1,1986,31,16,1
44,2018,Rhode Island,1986,1,1986,32,16,1
44,2019,Rhode Island,1986,1,1986,33,16,1
44,2020,Rhode Island,1986,1,1986,34,16,1
44,2021,Rhode Island,1986,1,1986,35,16,1
44,2022,Rhode Island,1986,1,1986,36,16,1
44,2023,Rhode Island,1986,1,1986,37,16,1
45,1990,South Carolina,2018,0,2018,-28,125,0
45,1991,South Carolina,2018,0,2018,-27,125,0
45,1992,South Carolina,2018,0,2018,-26,125,0
45,1993,South Carolina,2018,0,2018,-25,125,0
45,1994,South Carolina,2018,0,2018,-24,125,0
45,1995,South Carolina,2018,0,2018,-23,125,0
45,1996,South Carolina,2018,0,2018,-22,125,0
45,1997,South Carolina,2018,0,2018,-21,125,0
45,1998,South Carolina,2018,0,2018,-20,125,0
45,1999,South Carolina,2018,0,2018,-19,125,0
45,2000,South Carolina,2018,0,2018,-18,125,0
45,2001,South Carolina,2018,0,2018,-17,125,0
45,2002,South Carolina,2018,0,2018,-16,125,0
45,2003,South Carolina,2018,0,2018,-15,125,0
45,2004,South Carolina,2018,0,2018,-14,125,0
45,2005,South Carolina,2018,0,2018,-13,125,0
45,2006,South Carolina,2018,0,2018,-12,125,0
45,2007,South Carolina,2018,0,2018,-11,125,0
45,2008,South Carolina,2018,0,2018,-10,125,0
45,2009,South Carolina,2018,0,2018,-9,125,0
45,2010,South Carolina,2018,0,2018,-8,125,0
45,2011,South Carolina,2018,0,2018,-7,125,0
45,2012,South Carolina,2018,0,2018,-6,125,0
45,2013,South Carolina,2018,0,2018,-5,125,0
45,2014,South Carolina,2018,0,2018,-4,125,0
45,2015,South Carolina,2018,0,2018,-3,125,0
45,2016,South Carolina,2018,0,2018,-2,125,0
45,2017,South Carolina,2018,0,2018,-1,125,0
45,2018,South Carolina,2018,1,2018,0,125,0
45,2019,South Carolina,2018,1,2018,1,125,0
45,2020,South Carolina,2018,1,2018,2,125,0
45,2021,South Carolina,2018,1,2018,3,125,0
45,2022,South Carolina,2018,1,2018,4,125,0
45,2023,South Carolina,2018,1,2018,5,125,0
46,1990,South Dakota,NA,0,Inf,NA,0,NA
46,1991,South Dakota,NA,0,Inf,NA,0,NA
46,1992,South Dakota,NA,0,Inf,NA,0,NA
46,1993,South Dakota,NA,0,Inf,NA,0,NA
46,1994,South Dakota,NA,0,Inf,NA,0,NA
46,1995,South Dakota,NA,0,Inf,NA,0,NA
46,1996,South Dakota,NA,0,Inf,NA,0,NA
46,1997,South Dakota,NA,0,Inf,NA,0,NA
46,1998,South Dakota,NA,0,Inf,NA,0,NA
46,1999,South Dakota,NA,0,Inf,NA,0,NA
46,2000,South Dakota,NA,0,Inf,NA,0,NA
46,2001,South Dakota,NA,0,Inf,NA,0,NA
46,2002,South Dakota,NA,0,Inf,NA,0,NA
46,2003,South Dakota,NA,0,Inf,NA,0,NA
46,2004,South Dakota,NA,0,Inf,NA,0,NA
46,2005,South Dakota,NA,0,Inf,NA,0,NA
46,2006,South Dakota,NA,0,Inf,NA,0,NA
46,2007,South Dakota,NA,0,Inf,NA,0,NA
46,2008,South Dakota,NA,0,Inf,NA,0,NA
46,2009,South Dakota,NA,0,Inf,NA,0,NA
46,2010,South Dakota,NA,0,Inf,NA,0,NA
46,2011,South Dakota,NA,0,Inf,NA,0,NA
46,2012,South Dakota,NA,0,Inf,NA,0,NA
46,2013,South Dakota,NA,0,Inf,NA,0,NA
46,2014,South Dakota,NA,0,Inf,NA,0,NA
46,2015,South Dakota,NA,0,Inf,NA,0,NA
46,2016,South Dakota,NA,0,Inf,NA,0,NA
46,2017,South Dakota,NA,0,Inf,NA,0,NA
46,2018,South Dakota,NA,0,Inf,NA,0,NA
46,2019,South Dakota,NA,0,Inf,NA,0,NA
46,2020,South Dakota,NA,0,Inf,NA,0,NA
46,2021,South Dakota,NA,0,Inf,NA,0,NA
46,2022,South Dakota,NA,0,Inf,NA,0,NA
46,2023,South Dakota,NA,0,Inf,NA,0,NA
47,1990,Tennessee,NA,0,Inf,NA,0,NA
47,1991,Tennessee,NA,0,Inf,NA,0,NA
47,1992,Tennessee,NA,0,Inf,NA,0,NA
47,1993,Tennessee,NA,0,Inf,NA,0,NA
47,1994,Tennessee,NA,0,Inf,NA,0,NA
47,1995,Tennessee,NA,0,Inf,NA,0,NA
47,1996,Tennessee,NA,0,Inf,NA,0,NA
47,1997,Tennessee,NA,0,Inf,NA,0,NA
47,1998,Tennessee,NA,0,Inf,NA,0,NA
47,1999,Tennessee,NA,0,Inf,NA,0,NA
47,2000,Tennessee,NA,0,Inf,NA,0,NA
47,2001,Tennessee,NA,0,Inf,NA,0,NA
47,2002,Tennessee,NA,0,Inf,NA,0,NA
47,2003,Tennessee,NA,0,Inf,NA,0,NA
47,2004,Tennessee,NA,0,Inf,NA,0,NA
47,2005,Tennessee,NA,0,Inf,NA,0,NA
47,2006,Tennessee,NA,0,Inf,NA,0,NA
47,2007,Tennessee,NA,0,Inf,NA,0,NA
47,2008,Tennessee,NA,0,Inf,NA,0,NA
47,2009,Tennessee,NA,0,Inf,NA,0,NA
47,2010,Tennessee,NA,0,Inf,NA,0,NA
47,2011,Tennessee,NA,0,Inf,NA,0,NA
47,2012,Tennessee,NA,0,Inf,NA,0,NA
47,2013,Tennessee,NA,0,Inf,NA,0,NA
47,2014,Tennessee,NA,0,Inf,NA,0,NA
47,2015,Tennessee,NA,0,Inf,NA,0,NA
47,2016,Tennessee,NA,0,Inf,NA,0,NA
47,2017,Tennessee,NA,0,Inf,NA,0,NA
47,2018,Tennessee,NA,0,Inf,NA,0,NA
47,2019,Tennessee,NA,0,Inf,NA,0,NA
47,2020,Tennessee,NA,0,Inf,NA,0,NA
47,2021,Tennessee,NA,0,Inf,NA,0,NA
47,2022,Tennessee,NA,0,Inf,NA,0,NA
47,2023,Tennessee,NA,0,Inf,NA,0,NA
48,1990,Texas,NA,0,Inf,NA,0,NA
48,1991,Texas,NA,0,Inf,NA,0,NA
48,1992,Texas,NA,0,Inf,NA,0,NA
48,1993,Texas,NA,0,Inf,NA,0,NA
48,1994,Texas,NA,0,Inf,NA,0,NA
48,1995,Texas,NA,0,Inf,NA,0,NA
48,1996,Texas,NA,0,Inf,NA,0,NA
48,1997,Texas,NA,0,Inf,NA,0,NA
48,1998,Texas,NA,0,Inf,NA,0,NA
48,1999,Texas,NA,0,Inf,NA,0,NA
48,2000,Texas,NA,0,Inf,NA,0,NA
48,2001,Texas,NA,0,Inf,NA,0,NA
48,2002,Texas,NA,0,Inf,NA,0,NA
48,2003,Texas,NA,0,Inf,NA,0,NA
48,2004,Texas,NA,0,Inf,NA,0,NA
48,2005,Texas,NA,0,Inf,NA,0,NA
48,2006,Texas,NA,0,Inf,NA,0,NA
48,2007,Texas,NA,0,Inf,NA,0,NA
48,2008,Texas,NA,0,Inf,NA,0,NA
48,2009,Texas,NA,0,Inf,NA,0,NA
48,2010,Texas,NA,0,Inf,NA,0,NA
48,2011,Texas,NA,0,Inf,NA,0,NA
48,2012,Texas,NA,0,Inf,NA,0,NA
48,2013,Texas,NA,0,Inf,NA,0,NA
48,2014,Texas,NA,0,Inf,NA,0,NA
48,2015,Texas,NA,0,Inf,NA,0,NA
48,2016,Texas,NA,0,Inf,NA,0,NA
48,2017,Texas,NA,0,Inf,NA,0,NA
48,2018,Texas,NA,0,Inf,NA,0,NA
48,2019,Texas,NA,0,Inf,NA,0,NA
48,2020,Texas,NA,0,Inf,NA,0,NA
48,2021,Texas,NA,0,Inf,NA,0,NA
48,2022,Texas,NA,0,Inf,NA,0,NA
48,2023,Texas,NA,0,Inf,NA,0,NA
49,1990,Utah,2022,0,2022,-32,20,0
49,1991,Utah,2022,0,2022,-31,20,0
49,1992,Utah,2022,0,2022,-30,20,0
49,1993,Utah,2022,0,2022,-29,20,0
49,1994,Utah,2022,0,2022,-28,20,0
49,1995,Utah,2022,0,2022,-27,20,0
49,1996,Utah,2022,0,2022,-26,20,0
49,1997,Utah,2022,0,2022,-25,20,0
49,1998,Utah,2022,0,2022,-24,20,0
49,1999,Utah,2022,0,2022,-23,20,0
49,2000,Utah,2022,0,2022,-22,20,0
49,2001,Utah,2022,0,2022,-21,20,0
49,2002,Utah,2022,0,2022,-20,20,0
49,2003,Utah,2022,0,2022,-19,20,0
49,2004,Utah,2022,0,2022,-18,20,0
49,2005,Utah,2022,0,2022,-17,20,0
49,2006,Utah,2022,0,2022,-16,20,0
49,2007,Utah,2022,0,2022,-15,20,0
49,2008,Utah,2022,0,2022,-14,20,0
49,2009,Utah,2022,0,2022,-13,20,0
49,2010,Utah,2022,0,2022,-12,20,0
49,2011,Utah,2022,0,2022,-11,20,0
49,2012,Utah,2022,0,2022,-10,20,0
49,2013,Utah,2022,0,2022,-9,20,0
49,2014,Utah,2022,0,2022,-8,20,0
49,2015,Utah,2022,0,2022,-7,20,0
49,2016,Utah,2022,0,2022,-6,20,0
49,2017,Utah,2022,0,2022,-5,20,0
49,2018,Utah,2022,0,2022,-4,20,0
49,2019,Utah,2022,0,2022,-3,20,0
49,2020,Utah,2022,0,2022,-2,20,0
49,2021,Utah,2022,0,2022,-1,20,0
49,2022,Utah,2022,1,2022,0,20,0
49,2023,Utah,2022,1,2022,1,20,0
50,1990,Vermont,1988,1,1988,2,38,1
50,1991,Vermont,1988,1,1988,3,38,1
50,1992,Vermont,1988,1,1988,4,38,1
50,1993,Vermont,1988,1,1988,5,38,1
50,1994,Vermont,1988,1,1988,6,38,1
50,1995,Vermont,1988,1,1988,7,38,1
50,1996,Vermont,1988,1,1988,8,38,1
50,1997,Vermont,1988,1,1988,9,38,1
50,1998,Vermont,1988,1,1988,10,38,1
50,1999,Vermont,1988,1,1988,11,38,1
50,2000,Vermont,1988,1,1988,12,38,1
50,2001,Vermont,1988,1,1988,13,38,1
50,2002,Vermont,1988,1,1988,14,38,1
50,2003,Vermont,1988,1,1988,15,38,1
50,2004,Vermont,1988,1,1988,16,38,1
50,2005,Vermont,1988,1,1988,17,38,1
50,2006,Vermont,1988,1,1988,18,38,1
50,2007,Vermont,1988,1,1988,19,38,1
50,2008,Vermont,1988,1,1988,20,38,1
50,2009,Vermont,1988,1,1988,21,38,1
50,2010,Vermont,1988,1,1988,22,38,1
50,2011,Vermont,1988,1,1988,23,38,1
50,2012,Vermont,1988,1,1988,24,38,1
50,2013,Vermont,1988,1,1988,25,38,1
50,2014,Vermont,1988,1,1988,26,38,1
50,2015,Vermont,1988,1,1988,27,38,1
50,2016,Vermont,1988,1,1988,28,38,1
50,2017,Vermont,1988,1,1988,29,38,1
50,2018,Vermont,1988,1,1988,30,38,1
50,2019,Vermont,1988,1,1988,31,38,1
50,2020,Vermont,1988,1,1988,32,38,1
50,2021,Vermont,1988,1,1988,33,38,1
50,2022,Vermont,1988,1,1988,34,38,1
50,2023,Vermont,1988,1,1988,35,38,1
51,1990,Virginia,2004,0,2004,-14,20,1
51,1991,Virginia,2004,0,2004,-13,20,1
51,1992,Virginia,2004,0,2004,-12,20,1
51,1993,Virginia,2004,0,2004,-11,20,1
51,1994,Virginia,2004,0,2004,-10,20,1
51,1995,Virginia,2004,0,2004,-9,20,1
51,1996,Virginia,2004,0,2004,-8,20,1
51,1997,Virginia,2004,0,2004,-7,20,1
51,1998,Virginia,2004,0,2004,-6,20,1
51,1999,Virginia,2004,0,2004,-5,20,1
51,2000,Virginia,2004,0,2004,-4,20,1
51,2001,Virginia,2004,0,2004,-3,20,1
51,2002,Virginia,2004,0,2004,-2,20,1
51,2003,Virginia,2004,0,2004,-1,20,1
51,2004,Virginia,2004,1,2004,0,20,1
51,2005,Virginia,2004,1,2004,1,20,1
51,2006,Virginia,2004,1,2004,2,20,1
51,2007,Virginia,2004,1,2004,3,20,1
51,2008,Virginia,2004,1,2004,4,20,1
51,2009,Virginia,2004,1,2004,5,20,1
51,2010,Virginia,2004,1,2004,6,20,1
51,2011,Virginia,2004,1,2004,7,20,1
51,2012,Virginia,2004,1,2004,8,20,1
51,2013,Virginia,2004,1,2004,9,20,1
51,2014,Virginia,2004,1,2004,10,20,1
51,2015,Virginia,2004,1,2004,11,20,1
51,2016,Virginia,2004,1,2004,12,20,1
51,2017,Virginia,2004,1,2004,13,20,1
51,2018,Virginia,2004,1,2004,14,20,1
51,2019,Virginia,2004,1,2004,15,20,1
51,2020,Virginia,2004,1,2004,16,20,1
51,2021,Virginia,2004,1,2004,17,20,1
51,2022,Virginia,2004,1,2004,18,20,1
51,2023,Virginia,2004,1,2004,19,20,1
53,1990,Washington,2021,0,2021,-31,15,1
53,1991,Washington,2021,0,2021,-30,15,1
53,1992,Washington,2021,0,2021,-29,15,1
53,1993,Washington,2021,0,2021,-28,15,1
53,1994,Washington,2021,0,2021,-27,15,1
53,1995,Washington,2021,0,2021,-26,15,1
53,1996,Washington,2021,0,2021,-25,15,1
53,1997,Washington,2021,0,2021,-24,15,1
53,1998,Washington,2021,0,2021,-23,15,1
53,1999,Washington,2021,0,2021,-22,15,1
53,2000,Washington,2021,0,2021,-21,15,1
53,2001,Washington,2021,0,2021,-20,15,1
53,2002,Washington,2021,0,2021,-19,15,1
53,2003,Washington,2021,0,2021,-18,15,1
53,2004,Washington,2021,0,2021,-17,15,1
53,2005,Washington,2021,0,2021,-16,15,1
53,2006,Washington,2021,0,2021,-15,15,1
53,2007,Washington,2021,0,2021,-14,15,1
53,2008,Washington,2021,0,2021,-13,15,1
53,2009,Washington,2021,0,2021,-12,15,1
53,2010,Washington,2021,0,2021,-11,15,1
53,2011,Washington,2021,0,2021,-10,15,1
53,2012,Washington,2021,0,2021,-9,15,1
53,2013,Washington,2021,0,2021,-8,15,1
53,2014,Washington,2021,0,2021,-7,15,1
53,2015,Washington,2021,0,2021,-6,15,1
53,2016,Washington,2021,0,2021,-5,15,1
53,2017,Washington,2021,0,2021,-4,15,1
53,2018,Washington,2021,0,2021,-3,15,1
53,2019,Washington,2021,0,2021,-2,15,1
53,2020,Washington,2021,0,2021,-1,15,1
53,2021,Washington,2021,1,2021,0,15,1
53,2022,Washington,2021,1,2021,1,15,1
53,2023,Washington,2021,1,2021,2,15,1
54,1990,West Virginia,NA,0,Inf,NA,0,NA
54,1991,West Virginia,NA,0,Inf,NA,0,NA
54,1992,West Virginia,NA,0,Inf,NA,0,NA
54,1993,West Virginia,NA,0,Inf,NA,0,NA
54,1994,West Virginia,NA,0,Inf,NA,0,NA
54,1995,West Virginia,NA,0,Inf,NA,0,NA
54,1996,West Virginia,NA,0,Inf,NA,0,NA
54,1997,West Virginia,NA,0,Inf,NA,0,NA
54,1998,West Virginia,NA,0,Inf,NA,0,NA
54,1999,West Virginia,NA,0,Inf,NA,0,NA
54,2000,West Virginia,NA,0,Inf,NA,0,NA
54,2001,West Virginia,NA,0,Inf,NA,0,NA
54,2002,West Virginia,NA,0,Inf,NA,0,NA
54,2003,West Virginia,NA,0,Inf,NA,0,NA
54,2004,West Virginia,NA,0,Inf,NA,0,NA
54,2005,West Virginia,NA,0,Inf,NA,0,NA
54,2006,West Virginia,NA,0,Inf,NA,0,NA
54,2007,West Virginia,NA,0,Inf,NA,0,NA
54,2008,West Virginia,NA,0,Inf,NA,0,NA
54,2009,West Virginia,NA,0,Inf,NA,0,NA
54,2010,West Virginia,NA,0,Inf,NA,0,NA
54,2011,West Virginia,NA,0,Inf,NA,0,NA
54,2012,West Virginia,NA,0,Inf,NA,0,NA
54,2013,West Virginia,NA,0,Inf,NA,0,NA
54,2014,West Virginia,NA,0,Inf,NA,0,NA
54,2015,West Virginia,NA,0,Inf,NA,0,NA
54,2016,West Virginia,NA,0,Inf,NA,0,NA
54,2017,West Virginia,NA,0,Inf,NA,0,NA
54,2018,West Virginia,NA,0,Inf,NA,0,NA
54,2019,West Virginia,NA,0,Inf,NA,0,NA
54,2020,West Virginia,NA,0,Inf,NA,0,NA
54,2021,West Virginia,NA,0,Inf,NA,0,NA
54,2022,West Virginia,NA,0,Inf,NA,0,NA
54,2023,West Virginia,NA,0,Inf,NA,0,NA
55,1990,Wisconsin,1989,1,1989,1,15,1
55,1991,Wisconsin,1989,1,1989,2,15,1
55,1992,Wisconsin,1989,1,1989,3,15,1
55,1993,Wisconsin,1989,1,1989,4,15,1
55,1994,Wisconsin,1989,1,1989,5,15,1
55,1995,Wisconsin,1989,1,1989,6,15,1
55,1996,Wisconsin,1989,1,1989,7,15,1
55,1997,Wisconsin,1989,1,1989,8,15,1
55,1998,Wisconsin,1989,1,1989,9,15,1
55,1999,Wisconsin,1989,1,1989,10,15,1
55,2000,Wisconsin,1989,1,1989,11,15,1
55,2001,Wisconsin,1989,1,1989,12,15,1
55,2002,Wisconsin,1989,1,1989,13,15,1
55,2003,Wisconsin,1989,1,1989,14,15,1
55,2004,Wisconsin,1989,1,1989,15,15,1
55,2005,Wisconsin,1989,1,1989,16,15,1
55,2006,Wisconsin,1989,1,1989,17,15,1
55,2007,Wisconsin,1989,1,1989,18,15,1
55,2008,Wisconsin,1989,1,1989,19,15,1
55,2009,Wisconsin,1989,1,1989,20,15,1
55,2010,Wisconsin,1989,1,1989,21,15,1
55,2011,Wisconsin,1989,1,1989,22,15,1
55,2012,Wisconsin,1989,1,1989,23,15,1
55,2013,Wisconsin,1989,1,1989,24,15,1
55,2014,Wisconsin,1989,1,1989,25,15,1
55,2015,Wisconsin,1989,1,1989,26,15,1
55,2016,Wisconsin,1989,1,1989,27,15,1
55,2017,Wisconsin,1989,1,1989,28,15,1
55,2018,Wisconsin,1989,1,1989,29,15,1
55,2019,Wisconsin,1989,1,1989,30,15,1
55,2020,Wisconsin,1989,1,1989,31,15,1
55,2021,Wisconsin,1989,1,1989,32,15,1
55,2022,Wisconsin,1989,1,1989,33,15,1
55,2023,Wisconsin,1989,1,1989,34,15,1
56,1990,Wyoming,NA,0,Inf,NA,0,NA
56,1991,Wyoming,NA,0,Inf,NA,0,NA
56,1992,Wyoming,NA,0,Inf,NA,0,NA
56,1993,Wyoming,NA,0,Inf,NA,0,NA
56,1994,Wyoming,NA,0,Inf,NA,0,NA
56,1995,Wyoming,NA,0,Inf,NA,0,NA
56,1996,Wyoming,NA,0,Inf,NA,0,NA
56,1997,Wyoming,NA,0,Inf,NA,0,NA
56,1998,Wyoming,NA,0,Inf,NA,0,NA
56,1999,Wyoming,NA,0,Inf,NA,0,NA
56,2000,Wyoming,NA,0,Inf,NA,0,NA
56,2001,Wyoming,NA,0,Inf,NA,0,NA
56,2002,Wyoming,NA,0,Inf,NA,0,NA
56,2003,Wyoming,NA,0,Inf,NA,0,NA
56,2004,Wyoming,NA,0,Inf,NA,0,NA
56,2005,Wyoming,NA,0,Inf,NA,0,NA
56,2006,Wyoming,NA,0,Inf,NA,0,NA
56,2007,Wyoming,NA,0,Inf,NA,0,NA
56,2008,Wyoming,NA,0,Inf,NA,0,NA
56,2009,Wyoming,NA,0,Inf,NA,0,NA
56,2010,Wyoming,NA,0,Inf,NA,0,NA
56,2011,Wyoming,NA,0,Inf,NA,0,NA
56,2012,Wyoming,NA,0,Inf,NA,0,NA
56,2013,Wyoming,NA,0,Inf,NA,0,NA
56,2014,Wyoming,NA,0,Inf,NA,0,NA
56,2015,Wyoming,NA,0,Inf,NA,0,NA
56,2016,Wyoming,NA,0,Inf,NA,0,NA
56,2017,Wyoming,NA,0,Inf,NA,0,NA
56,2018,Wyoming,NA,0,Inf,NA,0,NA
56,2019,Wyoming,NA,0,Inf,NA,0,NA
56,2020,Wyoming,NA,0,Inf,NA,0,NA
56,2021,Wyoming,NA,0,Inf,NA,0,NA
56,2022,Wyoming,NA,0,Inf,NA,0,NA
56,2023,Wyoming,NA,0,Inf,NA,0,NA
